147_2b3_Lr_mc_AKGC417L,0.864,4.656,0,0
147_2b3_Lr_mc_AKGC417L,4.656,8.75,0,0
147_2b3_Lr_mc_AKGC417L,8.75,13.331,0,0
147_2b3_Lr_mc_AKGC417L,13.331,17.81,0,0
147_2b3_Lr_mc_AKGC417L,17.81,19.337,0,0
141_1b1_Pr_mc_LittC2SE,0.036,3.222,0,0
141_1b1_Pr_mc_LittC2SE,3.222,8.964,0,1
141_1b1_Pr_mc_LittC2SE,8.964,14.307,0,1
141_1b1_Pr_mc_LittC2SE,14.307,19.364,1,1
141_1b1_Pr_mc_LittC2SE,19.364,19.964,0,1
138_1p3_Pr_mc_AKGC417L,0.109,2.529,1,0
138_1p3_Pr_mc_AKGC417L,2.529,6.786,1,0
138_1p3_Pr_mc_AKGC417L,6.786,10.826,1,0
138_1p3_Pr_mc_AKGC417L,10.826,14.967,1,0
138_1p3_Pr_mc_AKGC417L,14.967,18.723,1,0
104_1b1_Ar_sc_Litt3200,0,0.54469,0,1
104_1b1_Ar_sc_Litt3200,0.54469,2.9628,0,1
104_1b1_Ar_sc_Litt3200,2.9628,5.1085,0,1
104_1b1_Ar_sc_Litt3200,5.1085,7.2172,0,1
104_1b1_Ar_sc_Litt3200,7.2172,9.1442,0,1
104_1b1_Ar_sc_Litt3200,9.1442,10.675,0,1
104_1b1_Ar_sc_Litt3200,10.675,12.371,0,1
104_1b1_Ar_sc_Litt3200,12.371,14.381,0,1
104_1b1_Ar_sc_Litt3200,14.381,16.535,0,1
104_1b1_Ar_sc_Litt3200,16.535,19.048,0,1
104_1b1_Ar_sc_Litt3200,19.048,22.176,0,0
104_1b1_Ar_sc_Litt3200,22.176,22.951,0,0
104_1b1_Ar_sc_Litt3200,22.951,24.664,0,0
104_1b1_Ar_sc_Litt3200,24.664,25.584,0,0
147_2b3_Ll_mc_AKGC417L,0.864,4.656,0,0
147_2b3_Ll_mc_AKGC417L,4.656,8.75,0,0
147_2b3_Ll_mc_AKGC417L,8.75,13.331,0,0
147_2b3_Ll_mc_AKGC417L,13.331,17.81,0,0
147_2b3_Ll_mc_AKGC417L,17.81,19.337,0,0
104_1b1_Lr_sc_Litt3200,0.74635,2.6365,0,0
104_1b1_Lr_sc_Litt3200,2.6365,4.2164,0,0
104_1b1_Lr_sc_Litt3200,4.2164,6.4167,0,0
104_1b1_Lr_sc_Litt3200,6.4167,8.8302,0,0
104_1b1_Lr_sc_Litt3200,8.8302,15.024,0,0
130_2p5_Ar_mc_AKGC417L,0.042,1.785,1,0
130_2p5_Ar_mc_AKGC417L,1.785,3.922,1,0
130_2p5_Ar_mc_AKGC417L,3.922,5.937,1,0
130_2p5_Ar_mc_AKGC417L,5.937,7.83,1,0
130_2p5_Ar_mc_AKGC417L,7.83,9.794,1,0
130_2p5_Ar_mc_AKGC417L,9.794,11.56,1,0
130_2p5_Ar_mc_AKGC417L,11.56,13.952,1,0
130_2p5_Ar_mc_AKGC417L,13.952,15.978,1,0
130_2p5_Ar_mc_AKGC417L,15.978,17.937,1,0
130_2p5_Ar_mc_AKGC417L,17.937,19.362,1,0
130_2p5_Ar_mc_AKGC417L,19.362,19.958,0,0
151_2p4_Al_mc_AKGC417L,0.059,2.897,0,0
151_2p4_Al_mc_AKGC417L,2.897,6.486,0,0
151_2p4_Al_mc_AKGC417L,6.486,10.175,1,0
151_2p4_Al_mc_AKGC417L,10.175,13.648,1,0
151_2p4_Al_mc_AKGC417L,13.648,16.185,0,1
151_2p4_Al_mc_AKGC417L,16.185,18.756,0,0
109_1b1_Ll_sc_Litt3200,0,1.9513,0,0
109_1b1_Ll_sc_Litt3200,1.9513,3.7004,1,0
109_1b1_Ll_sc_Litt3200,3.7004,5.4221,1,0
109_1b1_Ll_sc_Litt3200,5.4221,7.2586,1,0
109_1b1_Ll_sc_Litt3200,7.2586,9.2481,1,0
109_1b1_Ll_sc_Litt3200,9.2481,11.194,1,0
109_1b1_Ll_sc_Litt3200,11.194,14.512,1,0
109_1b1_Ll_sc_Litt3200,14.512,16.944,1,0
133_2p2_Tc_mc_AKGC417L,0.137,2.554,0,0
133_2p2_Tc_mc_AKGC417L,2.554,5.018,0,0
133_2p2_Tc_mc_AKGC417L,5.018,7.387,1,0
133_2p2_Tc_mc_AKGC417L,7.387,9.839,0,0
133_2p2_Tc_mc_AKGC417L,9.839,12.256,0,0
133_2p2_Tc_mc_AKGC417L,12.256,14.542,1,0
133_2p2_Tc_mc_AKGC417L,14.542,16.899,0,0
133_2p2_Tc_mc_AKGC417L,16.899,19.089,0,0
133_2p2_Tc_mc_AKGC417L,19.089,19.958,0,0
104_1b1_Pr_sc_Litt3200,2.6828,5.7942,0,0
104_1b1_Pr_sc_Litt3200,5.7942,7.8379,0,0
104_1b1_Pr_sc_Litt3200,7.8379,10.199,0,0
104_1b1_Pr_sc_Litt3200,10.199,12.817,0,0
104_1b1_Pr_sc_Litt3200,12.817,15.006,0,0
104_1b1_Pr_sc_Litt3200,15.006,18.439,0,0
104_1b1_Pr_sc_Litt3200,18.439,19.633,0,0
104_1b1_Pr_sc_Litt3200,19.633,20.387,0,0
104_1b1_Pr_sc_Litt3200,20.387,22.209,0,0
104_1b1_Pr_sc_Litt3200,22.209,23.728,0,0
130_3b4_Pl_mc_AKGC417L,1.414,5.925,1,0
130_3b4_Pl_mc_AKGC417L,5.925,9.958,1,0
130_3b4_Pl_mc_AKGC417L,9.958,14.079,1,0
130_3b4_Pl_mc_AKGC417L,14.079,17.703,1,0
130_3b4_Pl_mc_AKGC417L,17.703,19.167,1,0
130_3p2_Tc_mc_AKGC417L,1.461,2.918,1,0
130_3p2_Tc_mc_AKGC417L,2.918,5.839,1,0
130_3p2_Tc_mc_AKGC417L,5.839,8.605,1,0
130_3p2_Tc_mc_AKGC417L,8.605,11.637,1,0
130_3p2_Tc_mc_AKGC417L,11.637,14.492,1,0
130_3p2_Tc_mc_AKGC417L,14.492,17.389,1,0
130_3p2_Tc_mc_AKGC417L,17.389,18.796,1,0
108_1b1_Al_sc_LittC2SE,0.036,2.907,0,0
108_1b1_Al_sc_LittC2SE,2.907,7.564,0,0
108_1b1_Al_sc_LittC2SE,7.564,9.679,0,0
108_1b1_Al_sc_LittC2SE,9.679,12.236,0,0
108_1b1_Al_sc_LittC2SE,12.236,14.479,0,0
108_1b1_Al_sc_LittC2SE,14.479,16.621,0,0
108_1b1_Al_sc_LittC2SE,16.621,18.836,0,0
108_1b1_Al_sc_LittC2SE,18.836,19.936,0,0
137_1b1_Ll_sc_LittC2SE,0.05,1.907,0,0
137_1b1_Ll_sc_LittC2SE,1.907,4.036,0,0
137_1b1_Ll_sc_LittC2SE,4.036,5.95,0,0
137_1b1_Ll_sc_LittC2SE,5.95,8.136,0,0
137_1b1_Ll_sc_LittC2SE,8.136,10.35,0,0
137_1b1_Ll_sc_LittC2SE,10.35,13.15,0,0
137_1b1_Ll_sc_LittC2SE,13.15,15.55,0,0
137_1b1_Ll_sc_LittC2SE,15.55,17.779,0,0
137_1b1_Ll_sc_LittC2SE,17.779,19.95,0,0
130_3p3_Al_mc_AKGC417L,0.411,2.839,1,0
130_3p3_Al_mc_AKGC417L,2.839,5.661,1,0
130_3p3_Al_mc_AKGC417L,5.661,8.506,1,0
130_3p3_Al_mc_AKGC417L,8.506,11.482,1,0
130_3p3_Al_mc_AKGC417L,11.482,14.22,1,0
130_3p3_Al_mc_AKGC417L,14.22,17.065,1,0
130_3p3_Al_mc_AKGC417L,17.065,19.911,1,1
107_3p2_Tc_mc_AKGC417L,0.804,3.256,1,1
107_3p2_Tc_mc_AKGC417L,3.256,5.566,1,1
107_3p2_Tc_mc_AKGC417L,5.566,7.851,1,1
107_3p2_Tc_mc_AKGC417L,7.851,10.054,1,1
107_3p2_Tc_mc_AKGC417L,10.054,12.066,1,1
107_3p2_Tc_mc_AKGC417L,12.066,14.47,1,1
107_3p2_Tc_mc_AKGC417L,14.47,16.696,0,1
107_3p2_Tc_mc_AKGC417L,16.696,18.887,0,1
107_3p2_Tc_mc_AKGC417L,18.887,19.792,0,0
135_2b2_Al_mc_LittC2SE,0.022,2.064,0,0
135_2b2_Al_mc_LittC2SE,2.064,4.707,0,0
135_2b2_Al_mc_LittC2SE,4.707,7.536,0,0
135_2b2_Al_mc_LittC2SE,7.536,10.35,0,0
135_2b2_Al_mc_LittC2SE,10.35,13.364,0,0
135_2b2_Al_mc_LittC2SE,13.364,16.521,0,0
135_2b2_Al_mc_LittC2SE,16.521,19.179,0,0
135_2b2_Al_mc_LittC2SE,19.179,19.964,0,0
130_3p3_Pr_mc_AKGC417L,0.411,2.839,1,0
130_3p3_Pr_mc_AKGC417L,2.839,5.661,1,0
130_3p3_Pr_mc_AKGC417L,5.661,8.506,1,0
130_3p3_Pr_mc_AKGC417L,8.506,11.482,1,1
130_3p3_Pr_mc_AKGC417L,11.482,14.22,1,0
130_3p3_Pr_mc_AKGC417L,14.22,17.065,1,0
130_3p3_Pr_mc_AKGC417L,17.065,19.911,1,0
135_2b1_Pl_mc_LittC2SE,0.036,0.879,1,0
135_2b1_Pl_mc_LittC2SE,0.879,3.279,1,0
135_2b1_Pl_mc_LittC2SE,3.279,5.736,1,0
135_2b1_Pl_mc_LittC2SE,5.736,8.279,1,0
135_2b1_Pl_mc_LittC2SE,8.279,10.679,1,0
135_2b1_Pl_mc_LittC2SE,10.679,13.379,0,0
135_2b1_Pl_mc_LittC2SE,13.379,15.693,0,0
135_2b1_Pl_mc_LittC2SE,15.693,17.879,0,0
135_2b1_Pl_mc_LittC2SE,17.879,19.95,0,0
130_3p2_Al_mc_AKGC417L,1.461,2.918,1,0
130_3p2_Al_mc_AKGC417L,2.918,5.839,1,0
130_3p2_Al_mc_AKGC417L,5.839,8.605,1,0
130_3p2_Al_mc_AKGC417L,8.605,11.637,1,0
130_3p2_Al_mc_AKGC417L,11.637,14.492,1,0
130_3p2_Al_mc_AKGC417L,14.492,17.389,1,0
130_3p2_Al_mc_AKGC417L,17.389,18.796,1,0
130_2b2_Pl_mc_AKGC417L,0.069,2.563,1,0
130_2b2_Pl_mc_AKGC417L,2.563,4.933,1,0
130_2b2_Pl_mc_AKGC417L,4.933,7.466,1,0
130_2b2_Pl_mc_AKGC417L,7.466,10.124,1,0
130_2b2_Pl_mc_AKGC417L,10.124,12.707,1,0
130_2b2_Pl_mc_AKGC417L,12.707,15.078,1,0
130_2b2_Pl_mc_AKGC417L,15.078,17.615,1,0
130_2b2_Pl_mc_AKGC417L,17.615,19.946,1,0
130_3b4_Lr_mc_AKGC417L,1.414,5.925,1,0
130_3b4_Lr_mc_AKGC417L,5.925,9.958,1,0
130_3b4_Lr_mc_AKGC417L,9.958,14.079,1,0
130_3b4_Lr_mc_AKGC417L,14.079,17.703,1,0
130_3b4_Lr_mc_AKGC417L,17.703,19.167,1,0
130_1p3_Al_mc_AKGC417L,1.066,4.899,1,1
130_1p3_Al_mc_AKGC417L,4.899,8.256,1,1
130_1p3_Al_mc_AKGC417L,8.256,11.673,1,1
130_1p3_Al_mc_AKGC417L,11.673,15.077,1,1
130_1p3_Al_mc_AKGC417L,15.077,18.375,1,1
130_1p3_Al_mc_AKGC417L,18.375,19.946,0,0
133_2p4_Tc_mc_AKGC417L,1.066,3.554,0,0
133_2p4_Tc_mc_AKGC417L,3.554,5.923,1,0
133_2p4_Tc_mc_AKGC417L,5.923,8.375,0,0
133_2p4_Tc_mc_AKGC417L,8.375,10.78,0,0
133_2p4_Tc_mc_AKGC417L,10.78,13.161,0,0
133_2p4_Tc_mc_AKGC417L,13.161,15.78,0,1
133_2p4_Tc_mc_AKGC417L,15.78,18.292,0,1
133_2p4_Tc_mc_AKGC417L,18.292,19.47,0,0
130_1p4_Tc_mc_AKGC417L,0.089,1.22,0,1
130_1p4_Tc_mc_AKGC417L,1.22,4.232,0,1
130_1p4_Tc_mc_AKGC417L,4.232,7.494,0,1
130_1p4_Tc_mc_AKGC417L,7.494,10.339,0,1
130_1p4_Tc_mc_AKGC417L,10.339,13.173,0,1
130_1p4_Tc_mc_AKGC417L,13.173,15.923,0,1
130_1p4_Tc_mc_AKGC417L,15.923,18.518,0,0
130_1p4_Tc_mc_AKGC417L,18.518,19.946,0,1
122_2b2_Al_mc_LittC2SE,0.036,1.15,0,0
122_2b2_Al_mc_LittC2SE,1.15,4.364,0,0
122_2b2_Al_mc_LittC2SE,4.364,7.95,0,0
122_2b2_Al_mc_LittC2SE,7.95,11.964,0,0
122_2b2_Al_mc_LittC2SE,11.964,15.807,0,0
122_2b2_Al_mc_LittC2SE,15.807,19.95,0,0
130_2b3_Pr_mc_AKGC417L,0.689,1.732,1,0
130_2b3_Pr_mc_AKGC417L,1.732,4.042,1,0
130_2b3_Pr_mc_AKGC417L,4.042,6.339,1,0
130_2b3_Pr_mc_AKGC417L,6.339,8.542,1,0
130_2b3_Pr_mc_AKGC417L,8.542,10.744,1,0
130_2b3_Pr_mc_AKGC417L,10.744,12.958,1,0
130_2b3_Pr_mc_AKGC417L,12.958,14.875,1,0
130_2b3_Pr_mc_AKGC417L,14.875,16.946,1,0
130_2b3_Pr_mc_AKGC417L,16.946,19.156,1,0
105_1b1_Tc_sc_LittC2SE,0.036,2.279,0,0
105_1b1_Tc_sc_LittC2SE,2.279,4.879,0,0
105_1b1_Tc_sc_LittC2SE,4.879,7.507,0,0
105_1b1_Tc_sc_LittC2SE,7.507,10.336,0,0
105_1b1_Tc_sc_LittC2SE,10.336,13.364,0,0
105_1b1_Tc_sc_LittC2SE,13.364,16.179,0,0
105_1b1_Tc_sc_LittC2SE,16.179,19.007,0,0
105_1b1_Tc_sc_LittC2SE,19.007,19.907,0,0
138_1p3_Ar_mc_AKGC417L,0.109,2.529,1,0
138_1p3_Ar_mc_AKGC417L,2.529,6.786,1,0
138_1p3_Ar_mc_AKGC417L,6.786,10.826,1,0
138_1p3_Ar_mc_AKGC417L,10.826,14.967,1,0
138_1p3_Ar_mc_AKGC417L,14.967,18.723,1,0
133_2p2_Pl_mc_AKGC417L,0.137,2.554,1,0
133_2p2_Pl_mc_AKGC417L,2.554,5.018,1,0
133_2p2_Pl_mc_AKGC417L,5.018,7.387,1,0
133_2p2_Pl_mc_AKGC417L,7.387,9.839,1,0
133_2p2_Pl_mc_AKGC417L,9.839,12.256,1,0
133_2p2_Pl_mc_AKGC417L,12.256,14.542,1,0
133_2p2_Pl_mc_AKGC417L,14.542,16.899,1,0
133_2p2_Pl_mc_AKGC417L,16.899,19.089,1,0
133_2p2_Pl_mc_AKGC417L,19.089,19.958,0,0
146_2b2_Pl_mc_AKGC417L,0.101,4.244,0,0
146_2b2_Pl_mc_AKGC417L,4.244,8.375,0,0
146_2b2_Pl_mc_AKGC417L,8.375,12.316,1,1
146_2b2_Pl_mc_AKGC417L,12.316,16.411,1,1
146_2b2_Pl_mc_AKGC417L,16.411,19.97,1,1
109_1b1_Pr_sc_Litt3200,0,0.99677,0,0
109_1b1_Pr_sc_Litt3200,0.99677,2.7968,0,0
109_1b1_Pr_sc_Litt3200,2.7968,4.7032,0,0
109_1b1_Pr_sc_Litt3200,4.7032,6.6629,0,0
109_1b1_Pr_sc_Litt3200,6.6629,8.55,0,0
109_1b1_Pr_sc_Litt3200,8.55,10.674,0,0
109_1b1_Pr_sc_Litt3200,10.674,12.968,0,0
109_1b1_Pr_sc_Litt3200,12.968,14.845,0,0
109_1b1_Pr_sc_Litt3200,14.845,18.218,0,0
109_1b1_Pr_sc_Litt3200,18.218,19.65,0,0
109_1b1_Pr_sc_Litt3200,19.65,21.131,0,0
109_1b1_Pr_sc_Litt3200,21.131,22.752,0,0
109_1b1_Pr_sc_Litt3200,22.752,24.208,0,0
109_1b1_Pr_sc_Litt3200,24.208,25.892,0,0
109_1b1_Pr_sc_Litt3200,25.892,27.29,0,0
109_1b1_Pr_sc_Litt3200,27.29,28.766,0,0
109_1b1_Pr_sc_Litt3200,28.766,30,0,0
151_2p3_Pr_mc_AKGC417L,0.81,2.513,0,0
151_2p3_Pr_mc_AKGC417L,2.513,5.634,0,0
151_2p3_Pr_mc_AKGC417L,5.634,9.124,0,0
151_2p3_Pr_mc_AKGC417L,9.124,12.529,0,0
151_2p3_Pr_mc_AKGC417L,12.529,15.668,0,0
151_2p3_Pr_mc_AKGC417L,15.668,18.907,0,0
133_2p2_Ar_mc_AKGC417L,0.137,2.554,0,0
133_2p2_Ar_mc_AKGC417L,2.554,5.018,0,0
133_2p2_Ar_mc_AKGC417L,5.018,7.387,0,0
133_2p2_Ar_mc_AKGC417L,7.387,9.839,0,0
133_2p2_Ar_mc_AKGC417L,9.839,12.256,0,0
133_2p2_Ar_mc_AKGC417L,12.256,14.542,0,0
133_2p2_Ar_mc_AKGC417L,14.542,16.899,0,0
133_2p2_Ar_mc_AKGC417L,16.899,19.089,0,0
133_2p2_Ar_mc_AKGC417L,19.089,19.958,0,0
101_1b1_Pr_sc_AKGC417L,0.036,1.264,0,0
101_1b1_Pr_sc_AKGC417L,1.264,3.422,0,0
101_1b1_Pr_sc_AKGC417L,3.422,5.55,0,0
101_1b1_Pr_sc_AKGC417L,5.55,7.436,0,0
101_1b1_Pr_sc_AKGC417L,7.436,9.221,0,0
101_1b1_Pr_sc_AKGC417L,9.221,11.264,0,0
101_1b1_Pr_sc_AKGC417L,11.264,13.264,0,0
101_1b1_Pr_sc_AKGC417L,13.264,15.179,0,0
101_1b1_Pr_sc_AKGC417L,15.179,17.207,0,0
101_1b1_Pr_sc_AKGC417L,17.207,19.179,0,0
101_1b1_Pr_sc_AKGC417L,19.179,19.936,0,0
107_2b4_Lr_mc_AKGC417L,1.018,3.411,1,0
107_2b4_Lr_mc_AKGC417L,3.411,5.827,1,0
107_2b4_Lr_mc_AKGC417L,5.827,8.339,1,0
107_2b4_Lr_mc_AKGC417L,8.339,10.923,1,0
107_2b4_Lr_mc_AKGC417L,10.923,13.292,1,0
107_2b4_Lr_mc_AKGC417L,13.292,16.018,1,0
107_2b4_Lr_mc_AKGC417L,16.018,18.482,1,0
107_2b4_Lr_mc_AKGC417L,18.482,19.542,1,0
130_3p4_Pr_mc_AKGC417L,0.066,2.697,1,1
130_3p4_Pr_mc_AKGC417L,2.697,5.47,1,1
130_3p4_Pr_mc_AKGC417L,5.47,7.995,1,0
130_3p4_Pr_mc_AKGC417L,7.995,10.729,1,0
130_3p4_Pr_mc_AKGC417L,10.729,13.377,1,0
130_3p4_Pr_mc_AKGC417L,13.377,15.775,1,0
130_3p4_Pr_mc_AKGC417L,15.775,18.156,1,0
130_3p4_Pr_mc_AKGC417L,18.156,19.194,1,0
130_2b4_Pl_mc_AKGC417L,0.338,1.399,0,0
130_2b4_Pl_mc_AKGC417L,1.399,3.768,1,0
130_2b4_Pl_mc_AKGC417L,3.768,5.875,1,0
130_2b4_Pl_mc_AKGC417L,5.875,8.173,1,0
130_2b4_Pl_mc_AKGC417L,8.173,10.542,1,0
130_2b4_Pl_mc_AKGC417L,10.542,12.673,0,1
130_2b4_Pl_mc_AKGC417L,12.673,15.042,1,0
130_2b4_Pl_mc_AKGC417L,15.042,17.244,1,0
130_2b4_Pl_mc_AKGC417L,17.244,19.426,0,0
151_2p3_Ar_mc_AKGC417L,0.81,2.513,0,1
151_2p3_Ar_mc_AKGC417L,2.513,5.634,1,0
151_2p3_Ar_mc_AKGC417L,5.634,9.124,0,1
151_2p3_Ar_mc_AKGC417L,9.124,12.529,1,0
151_2p3_Ar_mc_AKGC417L,12.529,15.668,1,0
151_2p3_Ar_mc_AKGC417L,15.668,18.907,1,0
130_1p3_Ar_mc_AKGC417L,1.066,4.899,0,1
130_1p3_Ar_mc_AKGC417L,4.899,8.256,1,1
130_1p3_Ar_mc_AKGC417L,8.256,11.673,1,1
130_1p3_Ar_mc_AKGC417L,11.673,15.077,0,1
130_1p3_Ar_mc_AKGC417L,15.077,18.375,1,1
130_1p3_Ar_mc_AKGC417L,18.375,19.946,1,0
146_8p3_Lr_mc_AKGC417L,0.042,1.054,0,0
146_8p3_Lr_mc_AKGC417L,1.054,3.732,0,1
146_8p3_Lr_mc_AKGC417L,3.732,6.446,0,1
146_8p3_Lr_mc_AKGC417L,6.446,9.006,0,1
146_8p3_Lr_mc_AKGC417L,9.006,11.566,0,1
146_8p3_Lr_mc_AKGC417L,11.566,14.042,0,1
146_8p3_Lr_mc_AKGC417L,14.042,16.446,0,1
146_8p3_Lr_mc_AKGC417L,16.446,18.97,0,1
146_8p3_Lr_mc_AKGC417L,18.97,19.935,0,1
107_2b5_Ar_mc_AKGC417L,0.077,1.411,0,0
107_2b5_Ar_mc_AKGC417L,1.411,3.863,0,0
107_2b5_Ar_mc_AKGC417L,3.863,6.601,1,0
107_2b5_Ar_mc_AKGC417L,6.601,8.97,0,0
107_2b5_Ar_mc_AKGC417L,8.97,11.542,1,1
107_2b5_Ar_mc_AKGC417L,11.542,14.077,1,0
107_2b5_Ar_mc_AKGC417L,14.077,16.625,0,0
107_2b5_Ar_mc_AKGC417L,16.625,19.339,0,1
151_3p2_Pr_mc_AKGC417L,0.059,3.514,1,1
151_3p2_Pr_mc_AKGC417L,3.514,7.488,1,1
151_3p2_Pr_mc_AKGC417L,7.488,10.86,0,0
151_3p2_Pr_mc_AKGC417L,10.86,14.232,0,0
151_3p2_Pr_mc_AKGC417L,14.232,18.389,0,0
151_3p2_Pr_mc_AKGC417L,18.389,19.958,0,0
112_1b1_Ar_sc_Meditron,1.937,4.8918,0,0
112_1b1_Ar_sc_Meditron,4.8918,9.1707,0,0
112_1b1_Ar_sc_Meditron,9.1707,14.588,0,0
112_1b1_Ar_sc_Meditron,14.588,19.698,0,0
112_1b1_Ar_sc_Meditron,19.698,25.652,0,0
112_1b1_Ar_sc_Meditron,25.652,31.594,0,0
112_1b1_Ar_sc_Meditron,31.594,34.713,0,0
112_1b1_Ar_sc_Meditron,34.713,39.101,0,0
112_1b1_Ar_sc_Meditron,39.101,43.052,1,0
112_1b1_Ar_sc_Meditron,43.052,46.477,0,0
112_1b1_Ar_sc_Meditron,46.477,49.158,0,0
112_1b1_Ar_sc_Meditron,49.158,52.048,0,0
112_1b1_Ar_sc_Meditron,52.048,54.882,0,0
112_1b1_Ar_sc_Meditron,54.882,57.815,0,0
112_1b1_Ar_sc_Meditron,57.815,60.003,0,0
112_1b1_Ar_sc_Meditron,60.003,62.761,0,0
112_1b1_Ar_sc_Meditron,62.761,67.85,0,0
130_1p3_Ll_mc_AKGC417L,1.066,4.899,0,1
130_1p3_Ll_mc_AKGC417L,4.899,8.256,0,1
130_1p3_Ll_mc_AKGC417L,8.256,11.673,1,1
130_1p3_Ll_mc_AKGC417L,11.673,15.077,0,1
130_1p3_Ll_mc_AKGC417L,15.077,18.375,0,1
130_1p3_Ll_mc_AKGC417L,18.375,19.946,0,0
147_2b4_Lr_mc_AKGC417L,0.176,3.985,0,0
147_2b4_Lr_mc_AKGC417L,3.985,8.163,0,0
147_2b4_Lr_mc_AKGC417L,8.163,12.039,0,0
147_2b4_Lr_mc_AKGC417L,12.039,17.24,0,0
147_2b4_Lr_mc_AKGC417L,17.24,18.951,0,0
151_2p2_Pr_mc_AKGC417L,0.609,2.412,0,1
151_2p2_Pr_mc_AKGC417L,2.412,5.601,0,0
151_2p2_Pr_mc_AKGC417L,5.601,8.74,0,0
151_2p2_Pr_mc_AKGC417L,8.74,12.179,0,0
151_2p2_Pr_mc_AKGC417L,12.179,15.701,0,0
151_2p2_Pr_mc_AKGC417L,15.701,19.157,0,0
147_2b3_Ar_mc_AKGC417L,0.864,4.656,0,0
147_2b3_Ar_mc_AKGC417L,4.656,8.75,0,1
147_2b3_Ar_mc_AKGC417L,8.75,13.331,0,0
147_2b3_Ar_mc_AKGC417L,13.331,17.81,0,0
147_2b3_Ar_mc_AKGC417L,17.81,19.337,0,0
225_1b1_Pl_sc_AKGC417L,0.036,1.05,0,0
225_1b1_Pl_sc_AKGC417L,1.05,2.707,0,0
225_1b1_Pl_sc_AKGC417L,2.707,4.107,0,0
225_1b1_Pl_sc_AKGC417L,4.107,5.607,0,0
225_1b1_Pl_sc_AKGC417L,5.607,7.121,0,0
225_1b1_Pl_sc_AKGC417L,7.121,8.364,0,0
225_1b1_Pl_sc_AKGC417L,8.364,9.936,0,0
225_1b1_Pl_sc_AKGC417L,9.936,11.493,0,0
225_1b1_Pl_sc_AKGC417L,11.493,13.521,0,0
225_1b1_Pl_sc_AKGC417L,13.521,15.35,0,0
225_1b1_Pl_sc_AKGC417L,15.35,16.85,0,0
225_1b1_Pl_sc_AKGC417L,16.85,18.436,0,0
225_1b1_Pl_sc_AKGC417L,18.436,19.65,0,0
225_1b1_Pl_sc_AKGC417L,19.65,19.979,0,0
130_2p5_Lr_mc_AKGC417L,0.042,1.785,1,0
130_2p5_Lr_mc_AKGC417L,1.785,3.922,1,0
130_2p5_Lr_mc_AKGC417L,3.922,5.937,1,0
130_2p5_Lr_mc_AKGC417L,5.937,7.83,1,0
130_2p5_Lr_mc_AKGC417L,7.83,9.794,1,0
130_2p5_Lr_mc_AKGC417L,9.794,11.56,1,0
130_2p5_Lr_mc_AKGC417L,11.56,13.952,0,0
130_2p5_Lr_mc_AKGC417L,13.952,15.978,1,0
130_2p5_Lr_mc_AKGC417L,15.978,17.937,1,0
130_2p5_Lr_mc_AKGC417L,17.937,19.362,1,0
130_2p5_Lr_mc_AKGC417L,19.362,19.958,0,0
112_1b1_Lr_sc_Meditron,2.1077,5.3339,1,1
112_1b1_Lr_sc_Meditron,5.3339,8.3703,1,0
112_1b1_Lr_sc_Meditron,8.3703,11.273,1,1
112_1b1_Lr_sc_Meditron,11.273,14.058,1,0
112_1b1_Lr_sc_Meditron,14.058,16.464,1,0
112_1b1_Lr_sc_Meditron,16.464,19.034,0,0
112_1b1_Lr_sc_Meditron,19.034,21.613,0,1
112_1b1_Lr_sc_Meditron,21.613,24.111,0,1
112_1b1_Lr_sc_Meditron,24.111,26.532,0,1
112_1b1_Lr_sc_Meditron,26.532,29.235,0,1
112_1b1_Lr_sc_Meditron,29.235,31.713,0,1
112_1b1_Lr_sc_Meditron,31.713,33.6,0,1
109_1b1_Lr_sc_Litt3200,0.94037,3.6263,1,0
109_1b1_Lr_sc_Litt3200,3.6263,5.676,1,0
109_1b1_Lr_sc_Litt3200,5.676,7.6018,1,0
109_1b1_Lr_sc_Litt3200,7.6018,9.3418,1,0
109_1b1_Lr_sc_Litt3200,9.3418,11.127,1,0
109_1b1_Lr_sc_Litt3200,11.127,14.275,1,0
109_1b1_Lr_sc_Litt3200,14.275,16.994,1,0
109_1b1_Lr_sc_Litt3200,16.994,17.456,1,0
122_2b1_Tc_mc_LittC2SE,0.007,3.264,0,1
122_2b1_Tc_mc_LittC2SE,3.264,7.336,0,1
122_2b1_Tc_mc_LittC2SE,7.336,10.636,0,1
122_2b1_Tc_mc_LittC2SE,10.636,14.364,0,1
122_2b1_Tc_mc_LittC2SE,14.364,18.136,0,1
122_2b1_Tc_mc_LittC2SE,18.136,19.979,0,0
123_1b1_Al_sc_AKGC417L,0.45,2.979,0,0
123_1b1_Al_sc_AKGC417L,2.979,5.593,0,0
123_1b1_Al_sc_AKGC417L,5.593,8.207,0,0
123_1b1_Al_sc_AKGC417L,8.207,10.779,0,0
123_1b1_Al_sc_AKGC417L,10.779,14.279,0,0
123_1b1_Al_sc_AKGC417L,14.279,16.779,0,0
123_1b1_Al_sc_AKGC417L,16.779,19.45,0,0
123_1b1_Al_sc_AKGC417L,19.45,19.979,0,0
110_1p1_Al_sc_Meditron,2.2855,6.2646,1,1
110_1p1_Al_sc_Meditron,6.2646,10.44,1,1
110_1p1_Al_sc_Meditron,10.44,14.112,1,1
110_1p1_Al_sc_Meditron,14.112,18.217,1,0
110_1p1_Al_sc_Meditron,18.217,23.111,0,0
110_1p1_Al_sc_Meditron,23.111,26.658,1,0
110_1p1_Al_sc_Meditron,26.658,32.3,1,0
107_2b5_Ll_mc_AKGC417L,0.077,1.411,0,0
107_2b5_Ll_mc_AKGC417L,1.411,3.863,1,0
107_2b5_Ll_mc_AKGC417L,3.863,6.601,1,0
107_2b5_Ll_mc_AKGC417L,6.601,8.97,1,0
107_2b5_Ll_mc_AKGC417L,8.97,11.542,1,0
107_2b5_Ll_mc_AKGC417L,11.542,14.077,1,0
107_2b5_Ll_mc_AKGC417L,14.077,16.625,0,0
107_2b5_Ll_mc_AKGC417L,16.625,19.339,1,0
156_2b3_Pr_mc_AKGC417L,2.088,5.248,1,0
156_2b3_Pr_mc_AKGC417L,5.248,8.481,1,0
156_2b3_Pr_mc_AKGC417L,8.481,11.57,1,0
156_2b3_Pr_mc_AKGC417L,11.57,14.535,1,0
156_2b3_Pr_mc_AKGC417L,14.535,17.589,1,0
156_2b3_Pr_mc_AKGC417L,17.589,19.961,1,0
146_2b4_Ar_mc_AKGC417L,0.077,3.732,0,0
146_2b4_Ar_mc_AKGC417L,3.732,7.458,0,0
146_2b4_Ar_mc_AKGC417L,7.458,11.637,0,0
146_2b4_Ar_mc_AKGC417L,11.637,15.411,0,0
146_2b4_Ar_mc_AKGC417L,15.411,19.089,0,0
146_2b4_Ar_mc_AKGC417L,19.089,19.97,0,0
130_2b4_Ll_mc_AKGC417L,0.338,1.399,0,0
130_2b4_Ll_mc_AKGC417L,1.399,3.768,1,0
130_2b4_Ll_mc_AKGC417L,3.768,5.875,1,0
130_2b4_Ll_mc_AKGC417L,5.875,8.173,1,0
130_2b4_Ll_mc_AKGC417L,8.173,10.542,1,0
130_2b4_Ll_mc_AKGC417L,10.542,12.673,1,0
130_2b4_Ll_mc_AKGC417L,12.673,15.042,1,0
130_2b4_Ll_mc_AKGC417L,15.042,17.244,1,0
130_2b4_Ll_mc_AKGC417L,17.244,19.426,1,0
154_1b3_Tc_mc_AKGC417L,0.399,2.327,0,0
154_1b3_Tc_mc_AKGC417L,2.327,4.316,0,0
154_1b3_Tc_mc_AKGC417L,4.316,6.149,0,0
154_1b3_Tc_mc_AKGC417L,6.149,8.042,0,0
154_1b3_Tc_mc_AKGC417L,8.042,9.816,0,0
154_1b3_Tc_mc_AKGC417L,9.816,11.554,0,0
154_1b3_Tc_mc_AKGC417L,11.554,13.089,0,0
154_1b3_Tc_mc_AKGC417L,13.089,14.566,0,0
154_1b3_Tc_mc_AKGC417L,14.566,16.101,0,0
154_1b3_Tc_mc_AKGC417L,16.101,17.613,0,0
154_1b3_Tc_mc_AKGC417L,17.613,19.089,0,0
154_1b3_Tc_mc_AKGC417L,19.089,19.827,0,0
107_3p2_Pl_mc_AKGC417L,0.804,3.256,1,0
107_3p2_Pl_mc_AKGC417L,3.256,5.566,1,0
107_3p2_Pl_mc_AKGC417L,5.566,7.851,1,0
107_3p2_Pl_mc_AKGC417L,7.851,10.054,1,0
107_3p2_Pl_mc_AKGC417L,10.054,12.066,1,0
107_3p2_Pl_mc_AKGC417L,12.066,14.47,1,0
107_3p2_Pl_mc_AKGC417L,14.47,16.696,1,0
107_3p2_Pl_mc_AKGC417L,16.696,18.887,1,0
107_3p2_Pl_mc_AKGC417L,18.887,19.792,1,0
110_1b1_Pr_sc_Meditron,1.2832,5.1912,1,0
110_1b1_Pr_sc_Meditron,5.1912,9.5301,1,0
110_1b1_Pr_sc_Meditron,9.5301,13.164,0,0
110_1b1_Pr_sc_Meditron,13.164,16.768,0,0
110_1b1_Pr_sc_Meditron,16.768,21.753,0,0
110_1b1_Pr_sc_Meditron,21.753,27.17,0,0
110_1b1_Pr_sc_Meditron,27.17,31.822,0,0
110_1b1_Pr_sc_Meditron,31.822,36.837,0,0
110_1b1_Pr_sc_Meditron,36.837,41.822,0,0
110_1b1_Pr_sc_Meditron,41.822,49.266,0,0
110_1b1_Pr_sc_Meditron,49.266,53.742,0,0
110_1b1_Pr_sc_Meditron,53.742,58.326,0,0
110_1b1_Pr_sc_Meditron,58.326,61.861,0,0
110_1b1_Pr_sc_Meditron,61.861,65.368,0,0
110_1b1_Pr_sc_Meditron,65.368,71.45,0,0
130_2b3_Pl_mc_AKGC417L,0.689,1.732,1,0
130_2b3_Pl_mc_AKGC417L,1.732,4.042,1,0
130_2b3_Pl_mc_AKGC417L,4.042,6.339,1,0
130_2b3_Pl_mc_AKGC417L,6.339,8.542,1,0
130_2b3_Pl_mc_AKGC417L,8.542,10.744,1,0
130_2b3_Pl_mc_AKGC417L,10.744,12.958,1,0
130_2b3_Pl_mc_AKGC417L,12.958,14.875,1,0
130_2b3_Pl_mc_AKGC417L,14.875,16.946,1,0
130_2b3_Pl_mc_AKGC417L,16.946,19.156,1,0
130_1p2_Ll_mc_AKGC417L,0.697,2.423,1,1
130_1p2_Ll_mc_AKGC417L,2.423,5.101,1,1
130_1p2_Ll_mc_AKGC417L,5.101,8.339,1,1
130_1p2_Ll_mc_AKGC417L,8.339,11.28,1,1
130_1p2_Ll_mc_AKGC417L,11.28,14.316,1,1
130_1p2_Ll_mc_AKGC417L,14.316,17.03,1,1
130_1p2_Ll_mc_AKGC417L,17.03,19.554,1,1
130_2p5_Tc_mc_AKGC417L,0.042,1.785,0,0
130_2p5_Tc_mc_AKGC417L,1.785,3.922,1,0
130_2p5_Tc_mc_AKGC417L,3.922,5.937,1,0
130_2p5_Tc_mc_AKGC417L,5.937,7.83,1,0
130_2p5_Tc_mc_AKGC417L,7.83,9.794,1,0
130_2p5_Tc_mc_AKGC417L,9.794,11.56,1,0
130_2p5_Tc_mc_AKGC417L,11.56,13.952,1,0
130_2p5_Tc_mc_AKGC417L,13.952,15.978,1,1
130_2p5_Tc_mc_AKGC417L,15.978,17.937,1,0
130_2p5_Tc_mc_AKGC417L,17.937,19.362,0,0
130_2p5_Tc_mc_AKGC417L,19.362,19.958,0,0
107_2b5_Pr_mc_AKGC417L,0.077,1.411,0,0
107_2b5_Pr_mc_AKGC417L,1.411,3.863,1,0
107_2b5_Pr_mc_AKGC417L,3.863,6.601,0,0
107_2b5_Pr_mc_AKGC417L,6.601,8.97,1,0
107_2b5_Pr_mc_AKGC417L,8.97,11.542,1,0
107_2b5_Pr_mc_AKGC417L,11.542,14.077,0,0
107_2b5_Pr_mc_AKGC417L,14.077,16.625,1,0
107_2b5_Pr_mc_AKGC417L,16.625,19.339,1,1
110_1p1_Lr_sc_Meditron,3.6356,7.4803,1,0
110_1p1_Lr_sc_Meditron,7.4803,10.842,1,0
110_1p1_Lr_sc_Meditron,10.842,15.069,1,0
110_1p1_Lr_sc_Meditron,15.069,19.075,1,0
110_1p1_Lr_sc_Meditron,19.075,23.553,1,0
110_1p1_Lr_sc_Meditron,23.553,27.68,1,0
110_1p1_Lr_sc_Meditron,27.68,32.4,1,0
107_2b3_Pl_mc_AKGC417L,0.887,2.601,0,0
107_2b3_Pl_mc_AKGC417L,2.601,5.327,0,0
107_2b3_Pl_mc_AKGC417L,5.327,7.923,0,0
107_2b3_Pl_mc_AKGC417L,7.923,10.53,0,0
107_2b3_Pl_mc_AKGC417L,10.53,13.196,0,0
107_2b3_Pl_mc_AKGC417L,13.196,15.565,0,0
107_2b3_Pl_mc_AKGC417L,15.565,18.054,0,0
107_2b3_Pl_mc_AKGC417L,18.054,19.101,0,0
138_1p4_Pr_mc_AKGC417L,1.361,5.267,1,0
138_1p4_Pr_mc_AKGC417L,5.267,9.224,1,0
138_1p4_Pr_mc_AKGC417L,9.224,12.947,1,0
138_1p4_Pr_mc_AKGC417L,12.947,16.886,1,0
138_1p4_Pr_mc_AKGC417L,16.886,18.773,1,0
151_2p4_Pl_mc_AKGC417L,0.059,2.897,1,1
151_2p4_Pl_mc_AKGC417L,2.897,6.486,1,1
151_2p4_Pl_mc_AKGC417L,6.486,10.175,1,1
151_2p4_Pl_mc_AKGC417L,10.175,13.648,1,1
151_2p4_Pl_mc_AKGC417L,13.648,16.185,0,1
151_2p4_Pl_mc_AKGC417L,16.185,18.756,0,0
138_1p4_Pl_mc_AKGC417L,1.361,5.267,1,1
138_1p4_Pl_mc_AKGC417L,5.267,9.224,1,0
138_1p4_Pl_mc_AKGC417L,9.224,12.947,1,0
138_1p4_Pl_mc_AKGC417L,12.947,16.886,1,0
138_1p4_Pl_mc_AKGC417L,16.886,18.773,0,0
117_1b2_Tc_mc_LittC2SE,0.336,2.536,0,0
117_1b2_Tc_mc_LittC2SE,2.536,6.064,0,0
117_1b2_Tc_mc_LittC2SE,6.064,9.536,0,0
117_1b2_Tc_mc_LittC2SE,9.536,13.05,0,0
117_1b2_Tc_mc_LittC2SE,13.05,16.493,0,0
117_1b2_Tc_mc_LittC2SE,16.493,19.707,0,0
117_1b2_Tc_mc_LittC2SE,19.707,19.964,0,0
130_3b3_Ll_mc_AKGC417L,0.639,4.481,1,0
130_3b3_Ll_mc_AKGC417L,4.481,8.063,1,0
130_3b3_Ll_mc_AKGC417L,8.063,10.95,1,0
130_3b3_Ll_mc_AKGC417L,10.95,14.249,1,0
130_3b3_Ll_mc_AKGC417L,14.249,17.702,1,0
130_3b3_Ll_mc_AKGC417L,17.702,19.018,0,0
107_2b3_Tc_mc_AKGC417L,0.887,2.601,0,0
107_2b3_Tc_mc_AKGC417L,2.601,5.327,0,0
107_2b3_Tc_mc_AKGC417L,5.327,7.923,0,0
107_2b3_Tc_mc_AKGC417L,7.923,10.53,1,0
107_2b3_Tc_mc_AKGC417L,10.53,13.196,0,0
107_2b3_Tc_mc_AKGC417L,13.196,15.565,0,0
107_2b3_Tc_mc_AKGC417L,15.565,18.054,0,0
107_2b3_Tc_mc_AKGC417L,18.054,19.101,1,0
114_1b4_Lr_mc_AKGC417L,0.327,2.697,1,1
114_1b4_Lr_mc_AKGC417L,2.697,6.006,1,1
114_1b4_Lr_mc_AKGC417L,6.006,9.387,1,1
114_1b4_Lr_mc_AKGC417L,9.387,12.589,1,1
114_1b4_Lr_mc_AKGC417L,12.589,15.637,1,0
114_1b4_Lr_mc_AKGC417L,15.637,19.006,1,1
114_1b4_Lr_mc_AKGC417L,19.006,19.958,1,0
133_2p4_Pl_mc_AKGC417L,1.066,3.554,1,0
133_2p4_Pl_mc_AKGC417L,3.554,5.923,1,0
133_2p4_Pl_mc_AKGC417L,5.923,8.375,1,0
133_2p4_Pl_mc_AKGC417L,8.375,10.78,1,0
133_2p4_Pl_mc_AKGC417L,10.78,13.161,1,0
133_2p4_Pl_mc_AKGC417L,13.161,15.78,1,0
133_2p4_Pl_mc_AKGC417L,15.78,18.292,1,0
133_2p4_Pl_mc_AKGC417L,18.292,19.47,1,0
151_2p3_Pl_mc_AKGC417L,0.81,2.513,0,1
151_2p3_Pl_mc_AKGC417L,2.513,5.634,0,1
151_2p3_Pl_mc_AKGC417L,5.634,9.124,0,1
151_2p3_Pl_mc_AKGC417L,9.124,12.529,0,1
151_2p3_Pl_mc_AKGC417L,12.529,15.668,0,0
151_2p3_Pl_mc_AKGC417L,15.668,18.907,0,1
130_1p4_Pr_mc_AKGC417L,0.089,2.875,0,0
130_1p4_Pr_mc_AKGC417L,2.875,6.137,0,0
130_1p4_Pr_mc_AKGC417L,6.137,8.994,0,0
130_1p4_Pr_mc_AKGC417L,8.994,11.875,0,0
130_1p4_Pr_mc_AKGC417L,11.875,14.554,0,0
130_1p4_Pr_mc_AKGC417L,14.554,17.161,0,0
130_1p4_Pr_mc_AKGC417L,17.161,19.946,0,0
147_2b4_Pl_mc_AKGC417L,0.176,3.985,0,1
147_2b4_Pl_mc_AKGC417L,3.985,8.163,0,0
147_2b4_Pl_mc_AKGC417L,8.163,12.039,0,0
147_2b4_Pl_mc_AKGC417L,12.039,17.24,0,0
147_2b4_Pl_mc_AKGC417L,17.24,18.951,0,0
111_1b3_Tc_sc_LittC2SE,0.022,0.579,0,0
111_1b3_Tc_sc_LittC2SE,0.579,3.25,0,0
111_1b3_Tc_sc_LittC2SE,3.25,5.75,0,0
111_1b3_Tc_sc_LittC2SE,5.75,8.393,0,0
111_1b3_Tc_sc_LittC2SE,8.393,10.893,0,0
111_1b3_Tc_sc_LittC2SE,10.893,13.522,0,0
111_1b3_Tc_sc_LittC2SE,13.522,16.222,0,0
111_1b3_Tc_sc_LittC2SE,16.222,18.664,0,0
111_1b3_Tc_sc_LittC2SE,18.664,19.979,0,0
107_2b5_Pl_mc_AKGC417L,0.077,1.411,0,0
107_2b5_Pl_mc_AKGC417L,1.411,3.863,0,0
107_2b5_Pl_mc_AKGC417L,3.863,6.601,0,0
107_2b5_Pl_mc_AKGC417L,6.601,8.97,0,0
107_2b5_Pl_mc_AKGC417L,8.97,11.542,0,0
107_2b5_Pl_mc_AKGC417L,11.542,14.077,0,0
107_2b5_Pl_mc_AKGC417L,14.077,16.625,0,0
107_2b5_Pl_mc_AKGC417L,16.625,19.339,0,0
133_3p2_Pr_mc_AKGC417L,0.851,2.197,0,1
133_3p2_Pr_mc_AKGC417L,2.197,4.661,0,1
133_3p2_Pr_mc_AKGC417L,4.661,7.423,1,1
133_3p2_Pr_mc_AKGC417L,7.423,9.792,0,1
133_3p2_Pr_mc_AKGC417L,9.792,12.173,0,1
133_3p2_Pr_mc_AKGC417L,12.173,14.744,0,1
133_3p2_Pr_mc_AKGC417L,14.744,17.173,1,1
133_3p2_Pr_mc_AKGC417L,17.173,19.696,0,1
122_2b2_Ar_mc_LittC2SE,0.036,1.322,0,0
122_2b2_Ar_mc_LittC2SE,1.322,4.15,0,0
122_2b2_Ar_mc_LittC2SE,4.15,7.807,0,0
122_2b2_Ar_mc_LittC2SE,7.807,11.95,0,0
122_2b2_Ar_mc_LittC2SE,11.95,15.736,0,0
122_2b2_Ar_mc_LittC2SE,15.736,19.679,0,0
122_2b2_Ar_mc_LittC2SE,19.679,19.979,0,0
130_2b2_Ar_mc_AKGC417L,0.069,2.563,1,0
130_2b2_Ar_mc_AKGC417L,2.563,4.933,1,0
130_2b2_Ar_mc_AKGC417L,4.933,7.466,1,0
130_2b2_Ar_mc_AKGC417L,7.466,10.124,1,0
130_2b2_Ar_mc_AKGC417L,10.124,12.707,0,0
130_2b2_Ar_mc_AKGC417L,12.707,15.078,0,0
130_2b2_Ar_mc_AKGC417L,15.078,17.615,1,0
130_2b2_Ar_mc_AKGC417L,17.615,19.946,1,0
150_1b2_Al_sc_AKGC417L,0.064,0.507,1,0
150_1b2_Al_sc_AKGC417L,0.507,1.407,1,0
150_1b2_Al_sc_AKGC417L,1.407,2.536,1,0
150_1b2_Al_sc_AKGC417L,2.536,3.65,1,0
150_1b2_Al_sc_AKGC417L,3.65,5.279,0,0
150_1b2_Al_sc_AKGC417L,5.279,6.264,1,0
150_1b2_Al_sc_AKGC417L,6.264,7.121,1,0
150_1b2_Al_sc_AKGC417L,7.121,8.407,1,0
150_1b2_Al_sc_AKGC417L,8.407,9.593,1,0
150_1b2_Al_sc_AKGC417L,9.593,10.764,0,0
150_1b2_Al_sc_AKGC417L,10.764,11.764,1,0
150_1b2_Al_sc_AKGC417L,11.764,12.679,0,0
150_1b2_Al_sc_AKGC417L,12.679,13.593,0,0
150_1b2_Al_sc_AKGC417L,13.593,14.664,0,0
150_1b2_Al_sc_AKGC417L,14.664,16.007,0,1
150_1b2_Al_sc_AKGC417L,16.007,19.164,0,0
150_1b2_Al_sc_AKGC417L,19.164,19.45,0,0
154_1b3_Ar_mc_AKGC417L,0.399,2.327,0,0
154_1b3_Ar_mc_AKGC417L,2.327,4.316,0,0
154_1b3_Ar_mc_AKGC417L,4.316,6.149,0,0
154_1b3_Ar_mc_AKGC417L,6.149,8.042,0,0
154_1b3_Ar_mc_AKGC417L,8.042,9.816,0,0
154_1b3_Ar_mc_AKGC417L,9.816,11.554,1,0
154_1b3_Ar_mc_AKGC417L,11.554,13.089,0,0
154_1b3_Ar_mc_AKGC417L,13.089,14.566,0,0
154_1b3_Ar_mc_AKGC417L,14.566,16.101,0,0
154_1b3_Ar_mc_AKGC417L,16.101,17.613,0,0
154_1b3_Ar_mc_AKGC417L,17.613,19.089,0,0
154_1b3_Ar_mc_AKGC417L,19.089,19.827,0,0
133_3p2_Al_mc_AKGC417L,0.851,2.197,0,0
133_3p2_Al_mc_AKGC417L,2.197,4.661,0,1
133_3p2_Al_mc_AKGC417L,4.661,7.423,0,0
133_3p2_Al_mc_AKGC417L,7.423,9.792,0,1
133_3p2_Al_mc_AKGC417L,9.792,12.173,0,1
133_3p2_Al_mc_AKGC417L,12.173,14.744,0,1
133_3p2_Al_mc_AKGC417L,14.744,17.173,0,1
133_3p2_Al_mc_AKGC417L,17.173,19.696,0,1
130_3p4_Tc_mc_AKGC417L,0.066,2.697,1,1
130_3p4_Tc_mc_AKGC417L,2.697,5.47,1,1
130_3p4_Tc_mc_AKGC417L,5.47,7.995,1,1
130_3p4_Tc_mc_AKGC417L,7.995,10.729,1,1
130_3p4_Tc_mc_AKGC417L,10.729,13.377,1,1
130_3p4_Tc_mc_AKGC417L,13.377,15.775,1,0
130_3p4_Tc_mc_AKGC417L,15.775,18.156,1,0
130_3p4_Tc_mc_AKGC417L,18.156,19.194,1,0
138_1p2_Pr_mc_AKGC417L,0.159,3.715,1,1
138_1p2_Pr_mc_AKGC417L,3.715,7.855,1,1
138_1p2_Pr_mc_AKGC417L,7.855,11.461,1,0
138_1p2_Pr_mc_AKGC417L,11.461,15.568,1,0
138_1p2_Pr_mc_AKGC417L,15.568,19.157,1,0
107_3p2_Lr_mc_AKGC417L,0.804,3.256,0,1
107_3p2_Lr_mc_AKGC417L,3.256,5.566,0,1
107_3p2_Lr_mc_AKGC417L,5.566,7.851,0,1
107_3p2_Lr_mc_AKGC417L,7.851,10.054,0,1
107_3p2_Lr_mc_AKGC417L,10.054,12.066,0,1
107_3p2_Lr_mc_AKGC417L,12.066,14.47,1,0
107_3p2_Lr_mc_AKGC417L,14.47,16.696,1,0
107_3p2_Lr_mc_AKGC417L,16.696,18.887,1,0
107_3p2_Lr_mc_AKGC417L,18.887,19.792,1,1
133_3p4_Tc_mc_AKGC417L,0.756,3.077,0,1
133_3p4_Tc_mc_AKGC417L,3.077,5.673,0,0
133_3p4_Tc_mc_AKGC417L,5.673,8.161,0,1
133_3p4_Tc_mc_AKGC417L,8.161,10.744,0,1
133_3p4_Tc_mc_AKGC417L,10.744,13.137,0,1
133_3p4_Tc_mc_AKGC417L,13.137,15.72,0,1
133_3p4_Tc_mc_AKGC417L,15.72,18.315,0,1
133_3p4_Tc_mc_AKGC417L,18.315,19.315,0,0
122_2b3_Al_mc_LittC2SE,0.036,4.15,0,0
122_2b3_Al_mc_LittC2SE,4.15,7.95,0,1
122_2b3_Al_mc_LittC2SE,7.95,12.321,0,0
122_2b3_Al_mc_LittC2SE,12.321,16.636,0,0
122_2b3_Al_mc_LittC2SE,16.636,19.979,0,0
141_1b2_Lr_mc_LittC2SE,0.022,2.364,0,0
141_1b2_Lr_mc_LittC2SE,2.364,6.864,0,1
141_1b2_Lr_mc_LittC2SE,6.864,11.364,0,1
141_1b2_Lr_mc_LittC2SE,11.364,15.593,0,1
141_1b2_Lr_mc_LittC2SE,15.593,19.993,0,1
138_1p3_Al_mc_AKGC417L,0.109,2.529,0,0
138_1p3_Al_mc_AKGC417L,2.529,6.786,0,0
138_1p3_Al_mc_AKGC417L,6.786,10.826,0,0
138_1p3_Al_mc_AKGC417L,10.826,14.967,0,0
138_1p3_Al_mc_AKGC417L,14.967,18.723,0,0
151_2p4_Pr_mc_AKGC417L,0.059,2.897,0,0
151_2p4_Pr_mc_AKGC417L,2.897,6.486,0,1
151_2p4_Pr_mc_AKGC417L,6.486,10.175,0,0
151_2p4_Pr_mc_AKGC417L,10.175,13.648,0,0
151_2p4_Pr_mc_AKGC417L,13.648,16.185,0,0
151_2p4_Pr_mc_AKGC417L,16.185,18.756,0,0
138_2p2_Pl_mc_AKGC417L,1.644,3.18,1,0
138_2p2_Pl_mc_AKGC417L,3.18,6.035,1,0
138_2p2_Pl_mc_AKGC417L,6.035,8.94,1,0
138_2p2_Pl_mc_AKGC417L,8.94,11.828,1,0
138_2p2_Pl_mc_AKGC417L,11.828,14.449,1,0
138_2p2_Pl_mc_AKGC417L,14.449,17.654,1,0
138_2p2_Pl_mc_AKGC417L,17.654,19.04,0,0
133_3p2_Pl_mc_AKGC417L,0.851,2.197,1,1
133_3p2_Pl_mc_AKGC417L,2.197,4.661,0,1
133_3p2_Pl_mc_AKGC417L,4.661,7.423,0,0
133_3p2_Pl_mc_AKGC417L,7.423,9.792,0,1
133_3p2_Pl_mc_AKGC417L,9.792,12.173,0,0
133_3p2_Pl_mc_AKGC417L,12.173,14.744,0,1
133_3p2_Pl_mc_AKGC417L,14.744,17.173,0,1
133_3p2_Pl_mc_AKGC417L,17.173,19.696,0,0
107_2b4_Ar_mc_AKGC417L,1.018,3.411,1,0
107_2b4_Ar_mc_AKGC417L,3.411,5.827,1,0
107_2b4_Ar_mc_AKGC417L,5.827,8.339,1,0
107_2b4_Ar_mc_AKGC417L,8.339,10.923,1,0
107_2b4_Ar_mc_AKGC417L,10.923,13.292,1,0
107_2b4_Ar_mc_AKGC417L,13.292,16.018,1,0
107_2b4_Ar_mc_AKGC417L,16.018,18.482,1,0
107_2b4_Ar_mc_AKGC417L,18.482,19.542,1,0
138_1p4_Tc_mc_AKGC417L,1.361,5.267,0,0
138_1p4_Tc_mc_AKGC417L,5.267,9.224,0,0
138_1p4_Tc_mc_AKGC417L,9.224,12.947,0,0
138_1p4_Tc_mc_AKGC417L,12.947,16.886,0,0
138_1p4_Tc_mc_AKGC417L,16.886,18.773,0,0
213_2p2_Ar_mc_AKGC417L,0.86,3.631,1,0
213_2p2_Ar_mc_AKGC417L,3.631,6.486,0,0
213_2p2_Ar_mc_AKGC417L,6.486,9.157,0,0
213_2p2_Ar_mc_AKGC417L,9.157,12.062,0,0
213_2p2_Ar_mc_AKGC417L,12.062,14.533,0,0
213_2p2_Ar_mc_AKGC417L,14.533,17.104,0,0
213_2p2_Ar_mc_AKGC417L,17.104,19.708,0,0
130_2b2_Ll_mc_AKGC417L,0.069,2.563,1,0
130_2b2_Ll_mc_AKGC417L,2.563,4.933,1,0
130_2b2_Ll_mc_AKGC417L,4.933,7.466,1,0
130_2b2_Ll_mc_AKGC417L,7.466,10.124,1,0
130_2b2_Ll_mc_AKGC417L,10.124,12.707,1,0
130_2b2_Ll_mc_AKGC417L,12.707,15.078,1,0
130_2b2_Ll_mc_AKGC417L,15.078,17.615,1,0
130_2b2_Ll_mc_AKGC417L,17.615,19.946,1,0
135_2b3_Pr_mc_LittC2SE,0.179,2.607,0,0
135_2b3_Pr_mc_LittC2SE,2.607,4.85,0,0
135_2b3_Pr_mc_LittC2SE,4.85,7.079,0,0
135_2b3_Pr_mc_LittC2SE,7.079,9.25,0,0
135_2b3_Pr_mc_LittC2SE,9.25,13.05,0,0
135_2b3_Pr_mc_LittC2SE,13.05,15.193,0,0
135_2b3_Pr_mc_LittC2SE,15.193,17.45,0,0
135_2b3_Pr_mc_LittC2SE,17.45,19.664,0,0
135_2b3_Pr_mc_LittC2SE,19.664,19.993,0,0
138_2p2_Ar_mc_AKGC417L,1.644,3.18,0,0
138_2p2_Ar_mc_AKGC417L,3.18,6.035,1,0
138_2p2_Ar_mc_AKGC417L,6.035,8.94,1,1
138_2p2_Ar_mc_AKGC417L,8.94,11.828,1,0
138_2p2_Ar_mc_AKGC417L,11.828,14.449,1,0
138_2p2_Ar_mc_AKGC417L,14.449,17.654,1,0
138_2p2_Ar_mc_AKGC417L,17.654,19.04,1,1
154_1b3_Lr_mc_AKGC417L,0.399,2.327,1,0
154_1b3_Lr_mc_AKGC417L,2.327,4.316,0,0
154_1b3_Lr_mc_AKGC417L,4.316,6.149,0,0
154_1b3_Lr_mc_AKGC417L,6.149,8.042,0,0
154_1b3_Lr_mc_AKGC417L,8.042,9.816,0,0
154_1b3_Lr_mc_AKGC417L,9.816,11.554,1,0
154_1b3_Lr_mc_AKGC417L,11.554,13.089,0,0
154_1b3_Lr_mc_AKGC417L,13.089,14.566,0,0
154_1b3_Lr_mc_AKGC417L,14.566,16.101,0,0
154_1b3_Lr_mc_AKGC417L,16.101,17.613,0,0
154_1b3_Lr_mc_AKGC417L,17.613,19.089,0,0
154_1b3_Lr_mc_AKGC417L,19.089,19.827,0,0
151_2p2_Tc_mc_AKGC417L,0.609,2.412,0,0
151_2p2_Tc_mc_AKGC417L,2.412,5.601,0,1
151_2p2_Tc_mc_AKGC417L,5.601,8.74,0,0
151_2p2_Tc_mc_AKGC417L,8.74,12.179,0,0
151_2p2_Tc_mc_AKGC417L,12.179,15.701,0,0
151_2p2_Tc_mc_AKGC417L,15.701,19.157,0,1
138_1p4_Ar_mc_AKGC417L,1.361,5.267,1,0
138_1p4_Ar_mc_AKGC417L,5.267,9.224,1,0
138_1p4_Ar_mc_AKGC417L,9.224,12.947,1,0
138_1p4_Ar_mc_AKGC417L,12.947,16.886,1,0
138_1p4_Ar_mc_AKGC417L,16.886,18.773,0,0
132_2b1_Lr_mc_LittC2SE,0.05,1.679,1,0
132_2b1_Lr_mc_LittC2SE,1.679,4.607,1,0
132_2b1_Lr_mc_LittC2SE,4.607,6.964,0,0
132_2b1_Lr_mc_LittC2SE,6.964,9.021,1,0
132_2b1_Lr_mc_LittC2SE,9.021,11.25,1,0
132_2b1_Lr_mc_LittC2SE,11.25,13.65,1,0
132_2b1_Lr_mc_LittC2SE,13.65,15.736,1,0
132_2b1_Lr_mc_LittC2SE,15.736,17.979,1,0
132_2b1_Lr_mc_LittC2SE,17.979,19.936,1,0
151_3p2_Pl_mc_AKGC417L,0.059,3.514,1,0
151_3p2_Pl_mc_AKGC417L,3.514,7.488,1,1
151_3p2_Pl_mc_AKGC417L,7.488,10.86,1,0
151_3p2_Pl_mc_AKGC417L,10.86,14.232,1,0
151_3p2_Pl_mc_AKGC417L,14.232,18.389,1,0
151_3p2_Pl_mc_AKGC417L,18.389,19.958,1,0
114_1b4_Pl_mc_AKGC417L,0.327,2.697,1,1
114_1b4_Pl_mc_AKGC417L,2.697,6.006,1,1
114_1b4_Pl_mc_AKGC417L,6.006,9.387,1,1
114_1b4_Pl_mc_AKGC417L,9.387,12.589,1,1
114_1b4_Pl_mc_AKGC417L,12.589,15.637,1,0
114_1b4_Pl_mc_AKGC417L,15.637,19.006,1,1
114_1b4_Pl_mc_AKGC417L,19.006,19.958,1,0
121_1p1_Tc_sc_LittC2SE,0.036,1.907,0,0
121_1p1_Tc_sc_LittC2SE,1.907,4.521,0,0
121_1p1_Tc_sc_LittC2SE,4.521,7.193,0,0
121_1p1_Tc_sc_LittC2SE,7.193,9.75,0,0
121_1p1_Tc_sc_LittC2SE,9.75,12.407,0,0
121_1p1_Tc_sc_LittC2SE,12.407,15.079,0,0
121_1p1_Tc_sc_LittC2SE,15.079,17.521,0,0
121_1p1_Tc_sc_LittC2SE,17.521,19.95,0,0
147_2b3_Pl_mc_AKGC417L,0.864,4.656,0,1
147_2b3_Pl_mc_AKGC417L,4.656,8.75,0,1
147_2b3_Pl_mc_AKGC417L,8.75,13.331,0,1
147_2b3_Pl_mc_AKGC417L,13.331,17.81,0,1
147_2b3_Pl_mc_AKGC417L,17.81,19.337,0,0
221_2b2_Pl_mc_LittC2SE,0.022,0.693,0,1
221_2b2_Pl_mc_LittC2SE,0.693,5.536,0,1
221_2b2_Pl_mc_LittC2SE,5.536,9.907,0,1
221_2b2_Pl_mc_LittC2SE,9.907,14.307,0,1
221_2b2_Pl_mc_LittC2SE,14.307,19.507,0,1
221_2b2_Pl_mc_LittC2SE,19.507,19.993,0,0
147_2b2_Al_mc_AKGC417L,0.394,4.086,0,1
147_2b2_Al_mc_AKGC417L,4.086,8.364,0,1
147_2b2_Al_mc_AKGC417L,8.364,12.794,0,1
147_2b2_Al_mc_AKGC417L,12.794,17.693,0,0
147_2b2_Al_mc_AKGC417L,17.693,19.908,0,0
116_1b2_Pl_sc_LittC2SE,0.022,3.45,0,0
116_1b2_Pl_sc_LittC2SE,3.45,10.507,0,1
116_1b2_Pl_sc_LittC2SE,10.507,17.336,0,1
116_1b2_Pl_sc_LittC2SE,17.336,19.95,0,0
151_2p4_Tc_mc_AKGC417L,0.059,2.897,0,0
151_2p4_Tc_mc_AKGC417L,2.897,6.486,0,1
151_2p4_Tc_mc_AKGC417L,6.486,10.175,0,1
151_2p4_Tc_mc_AKGC417L,10.175,13.648,0,0
151_2p4_Tc_mc_AKGC417L,13.648,16.185,0,1
151_2p4_Tc_mc_AKGC417L,16.185,18.756,0,0
138_1p2_Pl_mc_AKGC417L,0.159,3.715,1,1
138_1p2_Pl_mc_AKGC417L,3.715,7.855,1,0
138_1p2_Pl_mc_AKGC417L,7.855,11.461,1,0
138_1p2_Pl_mc_AKGC417L,11.461,15.568,1,0
138_1p2_Pl_mc_AKGC417L,15.568,19.157,1,0
138_1p2_Al_mc_AKGC417L,0.159,3.715,0,1
138_1p2_Al_mc_AKGC417L,3.715,7.855,1,0
138_1p2_Al_mc_AKGC417L,7.855,11.461,1,0
138_1p2_Al_mc_AKGC417L,11.461,15.568,1,0
138_1p2_Al_mc_AKGC417L,15.568,19.157,1,0
147_1b3_Tc_mc_AKGC417L,0.696,2.626,0,0
147_1b3_Tc_mc_AKGC417L,2.626,4.455,0,0
147_1b3_Tc_mc_AKGC417L,4.455,6.3,1,0
147_1b3_Tc_mc_AKGC417L,6.3,7.995,1,0
147_1b3_Tc_mc_AKGC417L,7.995,9.589,0,0
147_1b3_Tc_mc_AKGC417L,9.589,11.418,0,0
147_1b3_Tc_mc_AKGC417L,11.418,13.263,0,0
147_1b3_Tc_mc_AKGC417L,13.263,15.193,0,0
147_1b3_Tc_mc_AKGC417L,15.193,17.139,0,0
147_1b3_Tc_mc_AKGC417L,17.139,19.069,0,0
147_1b3_Tc_mc_AKGC417L,19.069,19.841,0,0
130_1p3_Pl_mc_AKGC417L,1.066,4.899,0,1
130_1p3_Pl_mc_AKGC417L,4.899,8.256,0,1
130_1p3_Pl_mc_AKGC417L,8.256,11.673,0,1
130_1p3_Pl_mc_AKGC417L,11.673,15.077,0,1
130_1p3_Pl_mc_AKGC417L,15.077,18.375,0,1
130_1p3_Pl_mc_AKGC417L,18.375,19.946,0,0
113_1b1_Ar_sc_Litt3200,1.1466,2.3795,0,0
113_1b1_Ar_sc_Litt3200,2.3795,3.8356,0,0
113_1b1_Ar_sc_Litt3200,3.8356,5.2511,0,0
113_1b1_Ar_sc_Litt3200,5.2511,6.6565,0,0
113_1b1_Ar_sc_Litt3200,6.6565,8.001,0,0
113_1b1_Ar_sc_Litt3200,8.001,9.7717,0,0
113_1b1_Ar_sc_Litt3200,9.7717,11.253,0,0
113_1b1_Ar_sc_Litt3200,11.253,15.728,0,0
130_2b3_Al_mc_AKGC417L,0.689,1.732,0,0
130_2b3_Al_mc_AKGC417L,1.732,4.042,1,0
130_2b3_Al_mc_AKGC417L,4.042,6.339,1,0
130_2b3_Al_mc_AKGC417L,6.339,8.542,1,0
130_2b3_Al_mc_AKGC417L,8.542,10.744,1,0
130_2b3_Al_mc_AKGC417L,10.744,12.958,1,0
130_2b3_Al_mc_AKGC417L,12.958,14.875,1,0
130_2b3_Al_mc_AKGC417L,14.875,16.946,1,0
130_2b3_Al_mc_AKGC417L,16.946,19.156,1,0
154_2b4_Lr_mc_AKGC417L,1.33,3.804,1,0
154_2b4_Lr_mc_AKGC417L,3.804,6.396,1,0
154_2b4_Lr_mc_AKGC417L,6.396,8.938,1,0
154_2b4_Lr_mc_AKGC417L,8.938,11.58,1,0
154_2b4_Lr_mc_AKGC417L,11.58,14.072,1,0
154_2b4_Lr_mc_AKGC417L,14.072,17.049,1,0
154_2b4_Lr_mc_AKGC417L,17.049,19.49,1,0
145_2b2_Pr_mc_AKGC417L,1.589,5.458,0,0
145_2b2_Pr_mc_AKGC417L,5.458,9.316,0,0
145_2b2_Pr_mc_AKGC417L,9.316,13.03,0,0
145_2b2_Pr_mc_AKGC417L,13.03,16.887,0,0
145_2b2_Pr_mc_AKGC417L,16.887,19.958,0,0
130_1p4_Pl_mc_AKGC417L,0.089,2.875,0,1
130_1p4_Pl_mc_AKGC417L,2.875,6.137,0,1
130_1p4_Pl_mc_AKGC417L,6.137,8.994,0,1
130_1p4_Pl_mc_AKGC417L,8.994,11.875,0,1
130_1p4_Pl_mc_AKGC417L,11.875,14.554,0,1
130_1p4_Pl_mc_AKGC417L,14.554,17.161,0,0
130_1p4_Pl_mc_AKGC417L,17.161,19.946,0,1
151_3p2_Lr_mc_AKGC417L,0.059,3.514,0,1
151_3p2_Lr_mc_AKGC417L,3.514,7.488,1,1
151_3p2_Lr_mc_AKGC417L,7.488,10.86,0,0
151_3p2_Lr_mc_AKGC417L,10.86,14.232,0,0
151_3p2_Lr_mc_AKGC417L,14.232,18.389,0,1
151_3p2_Lr_mc_AKGC417L,18.389,19.958,0,0
130_2b2_Lr_mc_AKGC417L,0.069,2.563,1,0
130_2b2_Lr_mc_AKGC417L,2.563,4.933,1,0
130_2b2_Lr_mc_AKGC417L,4.933,7.466,1,0
130_2b2_Lr_mc_AKGC417L,7.466,10.124,1,0
130_2b2_Lr_mc_AKGC417L,10.124,12.707,1,0
130_2b2_Lr_mc_AKGC417L,12.707,15.078,1,0
130_2b2_Lr_mc_AKGC417L,15.078,17.615,1,0
130_2b2_Lr_mc_AKGC417L,17.615,19.946,1,0
103_2b2_Ar_mc_LittC2SE,0.364,3.25,0,1
103_2b2_Ar_mc_LittC2SE,3.25,6.636,0,0
103_2b2_Ar_mc_LittC2SE,6.636,11.179,0,1
103_2b2_Ar_mc_LittC2SE,11.179,14.25,0,1
103_2b2_Ar_mc_LittC2SE,14.25,16.993,0,1
103_2b2_Ar_mc_LittC2SE,16.993,19.979,0,0
106_2b1_Pr_mc_LittC2SE,0.064,2.079,0,1
106_2b1_Pr_mc_LittC2SE,2.079,4.579,0,1
106_2b1_Pr_mc_LittC2SE,4.579,7.093,0,0
106_2b1_Pr_mc_LittC2SE,7.093,9.607,0,1
106_2b1_Pr_mc_LittC2SE,9.607,12.021,0,1
106_2b1_Pr_mc_LittC2SE,12.021,14.336,0,1
106_2b1_Pr_mc_LittC2SE,14.336,16.807,0,1
106_2b1_Pr_mc_LittC2SE,16.807,19.121,0,1
106_2b1_Pr_mc_LittC2SE,19.121,19.979,0,0
134_2b1_Ar_mc_LittC2SE,0.036,1.707,0,0
134_2b1_Ar_mc_LittC2SE,1.707,6.464,0,0
134_2b1_Ar_mc_LittC2SE,6.464,11.293,0,0
134_2b1_Ar_mc_LittC2SE,11.293,16.25,0,0
134_2b1_Ar_mc_LittC2SE,16.25,19.964,0,0
138_1p3_Lr_mc_AKGC417L,0.109,2.529,1,0
138_1p3_Lr_mc_AKGC417L,2.529,6.786,1,0
138_1p3_Lr_mc_AKGC417L,6.786,10.826,1,0
138_1p3_Lr_mc_AKGC417L,10.826,14.967,1,0
138_1p3_Lr_mc_AKGC417L,14.967,18.723,1,0
113_1b1_Al_sc_Litt3200,1.4576,2.8118,0,0
113_1b1_Al_sc_Litt3200,2.8118,4.6079,0,0
113_1b1_Al_sc_Litt3200,4.6079,6.0937,0,0
113_1b1_Al_sc_Litt3200,6.0937,7.3209,0,0
113_1b1_Al_sc_Litt3200,7.3209,8.5622,0,0
113_1b1_Al_sc_Litt3200,8.5622,9.9869,0,0
113_1b1_Al_sc_Litt3200,9.9869,14.576,0,0
122_2b3_Tc_mc_LittC2SE,0.036,4.079,0,0
122_2b3_Tc_mc_LittC2SE,4.079,7.95,0,0
122_2b3_Tc_mc_LittC2SE,7.95,12.321,0,0
122_2b3_Tc_mc_LittC2SE,12.321,16.607,0,0
122_2b3_Tc_mc_LittC2SE,16.607,19.993,0,0
146_8p3_Pr_mc_AKGC417L,0.042,1.197,0,0
146_8p3_Pr_mc_AKGC417L,1.197,3.863,0,0
146_8p3_Pr_mc_AKGC417L,3.863,6.47,0,0
146_8p3_Pr_mc_AKGC417L,6.47,8.911,0,0
146_8p3_Pr_mc_AKGC417L,8.911,11.28,0,0
146_8p3_Pr_mc_AKGC417L,11.28,13.827,0,0
146_8p3_Pr_mc_AKGC417L,13.827,16.446,0,0
146_8p3_Pr_mc_AKGC417L,16.446,19.03,0,0
146_8p3_Pr_mc_AKGC417L,19.03,19.97,0,0
224_1b1_Tc_sc_AKGC417L,0.036,3.236,0,0
224_1b1_Tc_sc_AKGC417L,3.236,6.636,0,0
224_1b1_Tc_sc_AKGC417L,6.636,9.479,0,0
224_1b1_Tc_sc_AKGC417L,9.479,12.621,0,0
224_1b1_Tc_sc_AKGC417L,12.621,15.479,0,0
224_1b1_Tc_sc_AKGC417L,15.479,18.179,0,0
224_1b1_Tc_sc_AKGC417L,18.179,19.964,0,0
130_1p2_Tc_mc_AKGC417L,0.697,2.423,1,0
130_1p2_Tc_mc_AKGC417L,2.423,5.101,1,0
130_1p2_Tc_mc_AKGC417L,5.101,8.339,1,1
130_1p2_Tc_mc_AKGC417L,8.339,11.28,1,0
130_1p2_Tc_mc_AKGC417L,11.28,14.316,1,1
130_1p2_Tc_mc_AKGC417L,14.316,17.03,1,1
130_1p2_Tc_mc_AKGC417L,17.03,19.554,1,1
109_1b1_Al_sc_Litt3200,0,2.3288,0,0
109_1b1_Al_sc_Litt3200,2.3288,4.0934,0,0
109_1b1_Al_sc_Litt3200,4.0934,5.7138,0,0
109_1b1_Al_sc_Litt3200,5.7138,7.6096,0,0
109_1b1_Al_sc_Litt3200,7.6096,9.512,0,0
109_1b1_Al_sc_Litt3200,9.512,11.368,0,0
109_1b1_Al_sc_Litt3200,11.368,13.166,0,0
109_1b1_Al_sc_Litt3200,13.166,16.931,0,0
109_1b1_Al_sc_Litt3200,16.931,20.336,0,0
141_1b3_Al_mc_LittC2SE,0.479,3.864,0,0
141_1b3_Al_mc_LittC2SE,3.864,8.421,0,1
141_1b3_Al_mc_LittC2SE,8.421,12.35,0,1
141_1b3_Al_mc_LittC2SE,12.35,17.107,0,1
141_1b3_Al_mc_LittC2SE,17.107,19.964,0,1
138_2p2_Al_mc_AKGC417L,1.644,3.18,1,0
138_2p2_Al_mc_AKGC417L,3.18,6.035,1,0
138_2p2_Al_mc_AKGC417L,6.035,8.94,1,0
138_2p2_Al_mc_AKGC417L,8.94,11.828,1,0
138_2p2_Al_mc_AKGC417L,11.828,14.449,1,0
138_2p2_Al_mc_AKGC417L,14.449,17.654,1,0
138_2p2_Al_mc_AKGC417L,17.654,19.04,1,0
145_3b2_Ar_mc_AKGC417L,0.476,3.18,0,0
145_3b2_Ar_mc_AKGC417L,3.18,6.82,0,0
145_3b2_Ar_mc_AKGC417L,6.82,10.776,0,0
145_3b2_Ar_mc_AKGC417L,10.776,14.316,0,0
145_3b2_Ar_mc_AKGC417L,14.316,18.322,0,0
145_3b2_Ar_mc_AKGC417L,18.322,19.541,0,0
104_1b1_Pl_sc_Litt3200,0,1.0665,0,0
104_1b1_Pl_sc_Litt3200,1.0665,2.5256,0,0
104_1b1_Pl_sc_Litt3200,2.5256,4.7475,0,0
104_1b1_Pl_sc_Litt3200,4.7475,7.2102,0,0
104_1b1_Pl_sc_Litt3200,7.2102,10.062,0,0
104_1b1_Pl_sc_Litt3200,10.062,10.88,0,0
104_1b1_Pl_sc_Litt3200,10.88,11.632,0,0
104_1b1_Pl_sc_Litt3200,11.632,13.135,0,0
104_1b1_Pl_sc_Litt3200,13.135,16.165,0,0
104_1b1_Pl_sc_Litt3200,16.165,17.805,0,0
104_1b1_Pl_sc_Litt3200,17.805,20.212,0,0
104_1b1_Pl_sc_Litt3200,20.212,21.79,0,0
104_1b1_Pl_sc_Litt3200,21.79,22.96,0,0
154_1b3_Pr_mc_AKGC417L,0.399,2.327,1,0
154_1b3_Pr_mc_AKGC417L,2.327,4.316,0,0
154_1b3_Pr_mc_AKGC417L,4.316,6.149,1,0
154_1b3_Pr_mc_AKGC417L,6.149,8.042,1,0
154_1b3_Pr_mc_AKGC417L,8.042,9.816,1,0
154_1b3_Pr_mc_AKGC417L,9.816,11.554,1,0
154_1b3_Pr_mc_AKGC417L,11.554,13.089,0,0
154_1b3_Pr_mc_AKGC417L,13.089,14.566,0,0
154_1b3_Pr_mc_AKGC417L,14.566,16.101,0,0
154_1b3_Pr_mc_AKGC417L,16.101,17.613,1,0
154_1b3_Pr_mc_AKGC417L,17.613,19.089,1,0
154_1b3_Pr_mc_AKGC417L,19.089,19.827,1,0
130_2b2_Al_mc_AKGC417L,0.069,2.563,1,0
130_2b2_Al_mc_AKGC417L,2.563,4.933,1,0
130_2b2_Al_mc_AKGC417L,4.933,7.466,1,0
130_2b2_Al_mc_AKGC417L,7.466,10.124,1,0
130_2b2_Al_mc_AKGC417L,10.124,12.707,1,0
130_2b2_Al_mc_AKGC417L,12.707,15.078,1,0
130_2b2_Al_mc_AKGC417L,15.078,17.615,1,0
130_2b2_Al_mc_AKGC417L,17.615,19.946,1,0
107_3p2_Al_mc_AKGC417L,0.804,3.256,1,1
107_3p2_Al_mc_AKGC417L,3.256,5.566,1,1
107_3p2_Al_mc_AKGC417L,5.566,7.851,1,1
107_3p2_Al_mc_AKGC417L,7.851,10.054,1,0
107_3p2_Al_mc_AKGC417L,10.054,12.066,1,0
107_3p2_Al_mc_AKGC417L,12.066,14.47,1,0
107_3p2_Al_mc_AKGC417L,14.47,16.696,1,0
107_3p2_Al_mc_AKGC417L,16.696,18.887,1,0
107_3p2_Al_mc_AKGC417L,18.887,19.792,1,0
107_2b4_Tc_mc_AKGC417L,1.018,3.411,0,0
107_2b4_Tc_mc_AKGC417L,3.411,5.827,0,0
107_2b4_Tc_mc_AKGC417L,5.827,8.339,0,0
107_2b4_Tc_mc_AKGC417L,8.339,10.923,0,0
107_2b4_Tc_mc_AKGC417L,10.923,13.292,0,0
107_2b4_Tc_mc_AKGC417L,13.292,16.018,0,0
107_2b4_Tc_mc_AKGC417L,16.018,18.482,0,0
107_2b4_Tc_mc_AKGC417L,18.482,19.542,0,0
130_2b3_Tc_mc_AKGC417L,0.689,1.732,0,0
130_2b3_Tc_mc_AKGC417L,1.732,4.042,0,0
130_2b3_Tc_mc_AKGC417L,4.042,6.339,0,0
130_2b3_Tc_mc_AKGC417L,6.339,8.542,0,0
130_2b3_Tc_mc_AKGC417L,8.542,10.744,0,0
130_2b3_Tc_mc_AKGC417L,10.744,12.958,0,0
130_2b3_Tc_mc_AKGC417L,12.958,14.875,0,0
130_2b3_Tc_mc_AKGC417L,14.875,16.946,0,0
130_2b3_Tc_mc_AKGC417L,16.946,19.156,0,0
126_1b1_Al_sc_AKGC417L,0.022,0.422,0,0
126_1b1_Al_sc_AKGC417L,0.422,2.136,0,0
126_1b1_Al_sc_AKGC417L,2.136,3.779,0,0
126_1b1_Al_sc_AKGC417L,3.779,5.836,0,0
126_1b1_Al_sc_AKGC417L,5.836,7.85,0,0
126_1b1_Al_sc_AKGC417L,7.85,9.893,0,0
126_1b1_Al_sc_AKGC417L,9.893,11.75,0,0
126_1b1_Al_sc_AKGC417L,11.75,13.679,0,0
126_1b1_Al_sc_AKGC417L,13.679,16.05,0,0
126_1b1_Al_sc_AKGC417L,16.05,18.536,0,0
126_1b1_Al_sc_AKGC417L,18.536,19.964,0,0
138_2p2_Tc_mc_AKGC417L,1.644,3.18,1,0
138_2p2_Tc_mc_AKGC417L,3.18,6.035,0,0
138_2p2_Tc_mc_AKGC417L,6.035,8.94,1,0
138_2p2_Tc_mc_AKGC417L,8.94,11.828,0,0
138_2p2_Tc_mc_AKGC417L,11.828,14.449,1,0
138_2p2_Tc_mc_AKGC417L,14.449,17.654,0,0
138_2p2_Tc_mc_AKGC417L,17.654,19.04,0,0
122_2b1_Al_mc_LittC2SE,0.193,3.236,0,0
122_2b1_Al_mc_LittC2SE,3.236,7.236,0,1
122_2b1_Al_mc_LittC2SE,7.236,10.621,0,1
122_2b1_Al_mc_LittC2SE,10.621,14.321,0,0
122_2b1_Al_mc_LittC2SE,14.321,18.221,0,0
122_2b1_Al_mc_LittC2SE,18.221,19.964,0,0
107_2b4_Pl_mc_AKGC417L,1.018,3.411,1,0
107_2b4_Pl_mc_AKGC417L,3.411,5.827,0,0
107_2b4_Pl_mc_AKGC417L,5.827,8.339,1,0
107_2b4_Pl_mc_AKGC417L,8.339,10.923,0,0
107_2b4_Pl_mc_AKGC417L,10.923,13.292,0,0
107_2b4_Pl_mc_AKGC417L,13.292,16.018,1,0
107_2b4_Pl_mc_AKGC417L,16.018,18.482,0,0
107_2b4_Pl_mc_AKGC417L,18.482,19.542,0,0
147_2b4_Ar_mc_AKGC417L,0.176,3.985,0,0
147_2b4_Ar_mc_AKGC417L,3.985,8.163,0,0
147_2b4_Ar_mc_AKGC417L,8.163,12.039,0,0
147_2b4_Ar_mc_AKGC417L,12.039,17.24,0,0
147_2b4_Ar_mc_AKGC417L,17.24,18.951,0,0
130_2b3_Lr_mc_AKGC417L,0.689,1.732,0,0
130_2b3_Lr_mc_AKGC417L,1.732,4.042,1,0
130_2b3_Lr_mc_AKGC417L,4.042,6.339,1,0
130_2b3_Lr_mc_AKGC417L,6.339,8.542,1,0
130_2b3_Lr_mc_AKGC417L,8.542,10.744,1,0
130_2b3_Lr_mc_AKGC417L,10.744,12.958,1,0
130_2b3_Lr_mc_AKGC417L,12.958,14.875,1,0
130_2b3_Lr_mc_AKGC417L,14.875,16.946,1,0
130_2b3_Lr_mc_AKGC417L,16.946,19.156,1,0
138_1p3_Tc_mc_AKGC417L,0.109,2.529,1,0
138_1p3_Tc_mc_AKGC417L,2.529,6.786,0,1
138_1p3_Tc_mc_AKGC417L,6.786,10.826,1,0
138_1p3_Tc_mc_AKGC417L,10.826,14.967,0,0
138_1p3_Tc_mc_AKGC417L,14.967,18.723,0,0
127_1b1_Ar_sc_LittC2SE,0.05,2.404,0,0
127_1b1_Ar_sc_LittC2SE,2.404,4.643,0,0
127_1b1_Ar_sc_LittC2SE,4.643,6.612,0,0
127_1b1_Ar_sc_LittC2SE,6.612,9.037,0,0
127_1b1_Ar_sc_LittC2SE,9.037,11.062,1,0
127_1b1_Ar_sc_LittC2SE,11.062,13.202,0,0
127_1b1_Ar_sc_LittC2SE,13.202,15.384,1,0
127_1b1_Ar_sc_LittC2SE,15.384,17.167,0,0
127_1b1_Ar_sc_LittC2SE,17.167,19.421,1,0
127_1b1_Ar_sc_LittC2SE,19.421,19.934,0,0
147_2b2_Ar_mc_AKGC417L,0.394,4.086,0,1
147_2b2_Ar_mc_AKGC417L,4.086,8.364,0,1
147_2b2_Ar_mc_AKGC417L,8.364,12.794,0,1
147_2b2_Ar_mc_AKGC417L,12.794,17.693,0,0
147_2b2_Ar_mc_AKGC417L,17.693,19.908,0,0
130_2b4_Lr_mc_AKGC417L,0.338,1.399,0,0
130_2b4_Lr_mc_AKGC417L,1.399,3.768,1,0
130_2b4_Lr_mc_AKGC417L,3.768,5.875,1,0
130_2b4_Lr_mc_AKGC417L,5.875,8.173,1,0
130_2b4_Lr_mc_AKGC417L,8.173,10.542,1,0
130_2b4_Lr_mc_AKGC417L,10.542,12.673,1,0
130_2b4_Lr_mc_AKGC417L,12.673,15.042,1,0
130_2b4_Lr_mc_AKGC417L,15.042,17.244,1,0
130_2b4_Lr_mc_AKGC417L,17.244,19.426,1,0
119_1b1_Ar_sc_AKGC417L,0.036,1.293,0,0
119_1b1_Ar_sc_AKGC417L,1.293,3.807,0,0
119_1b1_Ar_sc_AKGC417L,3.807,6.25,0,0
119_1b1_Ar_sc_AKGC417L,6.25,8.893,0,0
119_1b1_Ar_sc_AKGC417L,8.893,11.336,0,0
119_1b1_Ar_sc_AKGC417L,11.336,14.521,0,0
119_1b1_Ar_sc_AKGC417L,14.521,16.936,0,0
119_1b1_Ar_sc_AKGC417L,16.936,19.293,0,0
119_1b1_Ar_sc_AKGC417L,19.293,19.964,0,0
130_1p2_Ar_mc_AKGC417L,0.697,2.423,1,0
130_1p2_Ar_mc_AKGC417L,2.423,5.101,1,0
130_1p2_Ar_mc_AKGC417L,5.101,8.339,1,1
130_1p2_Ar_mc_AKGC417L,8.339,11.28,1,0
130_1p2_Ar_mc_AKGC417L,11.28,14.316,1,1
130_1p2_Ar_mc_AKGC417L,14.316,17.03,1,1
130_1p2_Ar_mc_AKGC417L,17.03,19.554,1,1
145_2b2_Al_mc_AKGC417L,1.589,5.458,0,0
145_2b2_Al_mc_AKGC417L,5.458,9.316,0,0
145_2b2_Al_mc_AKGC417L,9.316,13.03,0,0
145_2b2_Al_mc_AKGC417L,13.03,16.887,0,0
145_2b2_Al_mc_AKGC417L,16.887,19.958,0,0
130_3p3_Pl_mc_AKGC417L,0.411,2.839,1,0
130_3p3_Pl_mc_AKGC417L,2.839,5.661,1,0
130_3p3_Pl_mc_AKGC417L,5.661,8.506,1,0
130_3p3_Pl_mc_AKGC417L,8.506,11.482,1,0
130_3p3_Pl_mc_AKGC417L,11.482,14.22,1,0
130_3p3_Pl_mc_AKGC417L,14.22,17.065,1,0
130_3p3_Pl_mc_AKGC417L,17.065,19.911,1,1
114_1b4_Ar_mc_AKGC417L,0.327,2.697,0,1
114_1b4_Ar_mc_AKGC417L,2.697,6.006,1,1
114_1b4_Ar_mc_AKGC417L,6.006,9.387,1,1
114_1b4_Ar_mc_AKGC417L,9.387,12.589,1,1
114_1b4_Ar_mc_AKGC417L,12.589,15.637,1,0
114_1b4_Ar_mc_AKGC417L,15.637,19.006,1,1
114_1b4_Ar_mc_AKGC417L,19.006,19.958,0,0
136_1b1_Ar_sc_AKGC417L,0.064,2.207,0,0
136_1b1_Ar_sc_AKGC417L,2.207,4.521,0,0
136_1b1_Ar_sc_AKGC417L,4.521,7.079,0,0
136_1b1_Ar_sc_AKGC417L,7.079,9.264,0,0
136_1b1_Ar_sc_AKGC417L,9.264,11.393,0,0
136_1b1_Ar_sc_AKGC417L,11.393,13.348,0,0
136_1b1_Ar_sc_AKGC417L,13.348,15.589,0,0
136_1b1_Ar_sc_AKGC417L,15.589,17.912,0,0
136_1b1_Ar_sc_AKGC417L,17.912,19.959,0,0
166_1p1_Al_sc_Meditron,2.2418,4.994,0,0
166_1p1_Al_sc_Meditron,4.994,7.7963,0,0
166_1p1_Al_sc_Meditron,7.7963,11.99,0,0
166_1p1_Al_sc_Meditron,11.99,14.141,0,0
166_1p1_Al_sc_Meditron,14.141,16.703,0,0
166_1p1_Al_sc_Meditron,16.703,32.866,0,0
166_1p1_Al_sc_Meditron,32.866,34.428,0,0
166_1p1_Al_sc_Meditron,34.428,37.18,0,0
166_1p1_Al_sc_Meditron,37.18,39.742,0,0
166_1p1_Al_sc_Meditron,39.742,42.564,0,0
166_1p1_Al_sc_Meditron,42.564,45.236,1,0
166_1p1_Al_sc_Meditron,45.236,48.199,1,0
166_1p1_Al_sc_Meditron,48.199,50.711,0,0
166_1p1_Al_sc_Meditron,50.711,53.823,1,0
166_1p1_Al_sc_Meditron,53.823,56.766,1,0
166_1p1_Al_sc_Meditron,56.766,59.498,1,0
166_1p1_Al_sc_Meditron,59.498,62.05,0,0
130_1p2_Al_mc_AKGC417L,0.697,2.423,0,0
130_1p2_Al_mc_AKGC417L,2.423,5.101,0,0
130_1p2_Al_mc_AKGC417L,5.101,8.339,1,1
130_1p2_Al_mc_AKGC417L,8.339,11.28,1,0
130_1p2_Al_mc_AKGC417L,11.28,14.316,1,1
130_1p2_Al_mc_AKGC417L,14.316,17.03,0,0
130_1p2_Al_mc_AKGC417L,17.03,19.554,0,1
151_3p2_Tc_mc_AKGC417L,0.059,3.514,0,0
151_3p2_Tc_mc_AKGC417L,3.514,7.488,0,1
151_3p2_Tc_mc_AKGC417L,7.488,10.86,0,0
151_3p2_Tc_mc_AKGC417L,10.86,14.232,0,0
151_3p2_Tc_mc_AKGC417L,14.232,18.389,0,0
151_3p2_Tc_mc_AKGC417L,18.389,19.958,0,0
147_1b4_Tc_mc_AKGC417L,0.176,1.317,0,1
147_1b4_Tc_mc_AKGC417L,1.317,3.012,0,1
147_1b4_Tc_mc_AKGC417L,3.012,4.388,0,0
147_1b4_Tc_mc_AKGC417L,4.388,5.663,0,1
147_1b4_Tc_mc_AKGC417L,5.663,7.005,0,1
147_1b4_Tc_mc_AKGC417L,7.005,8.297,0,1
147_1b4_Tc_mc_AKGC417L,8.297,9.472,0,1
147_1b4_Tc_mc_AKGC417L,9.472,10.713,0,1
147_1b4_Tc_mc_AKGC417L,10.713,11.921,0,1
147_1b4_Tc_mc_AKGC417L,11.921,13.28,0,0
147_1b4_Tc_mc_AKGC417L,13.28,14.589,0,1
147_1b4_Tc_mc_AKGC417L,14.589,15.78,0,0
147_1b4_Tc_mc_AKGC417L,15.78,17.039,0,0
147_1b4_Tc_mc_AKGC417L,17.039,18.28,0,1
147_1b4_Tc_mc_AKGC417L,18.28,19.522,0,0
107_2b5_Tc_mc_AKGC417L,0.077,1.411,0,0
107_2b5_Tc_mc_AKGC417L,1.411,3.863,0,0
107_2b5_Tc_mc_AKGC417L,3.863,6.601,1,0
107_2b5_Tc_mc_AKGC417L,6.601,8.97,1,0
107_2b5_Tc_mc_AKGC417L,8.97,11.542,0,0
107_2b5_Tc_mc_AKGC417L,11.542,14.077,0,0
107_2b5_Tc_mc_AKGC417L,14.077,16.625,0,0
107_2b5_Tc_mc_AKGC417L,16.625,19.339,0,0
116_1b2_Tc_sc_LittC2SE,0.022,6.536,0,0
116_1b2_Tc_sc_LittC2SE,6.536,12.007,0,0
116_1b2_Tc_sc_LittC2SE,12.007,18.622,0,0
116_1b2_Tc_sc_LittC2SE,18.622,19.993,0,0
113_1b1_Lr_sc_Litt3200,0,1.8667,0,0
113_1b1_Lr_sc_Litt3200,1.8667,3.3948,0,0
113_1b1_Lr_sc_Litt3200,3.3948,6.0796,0,0
113_1b1_Lr_sc_Litt3200,6.0796,7.5795,0,0
113_1b1_Lr_sc_Litt3200,7.5795,8.8773,0,0
113_1b1_Lr_sc_Litt3200,8.8773,10.499,0,0
113_1b1_Lr_sc_Litt3200,10.499,14.576,0,0
138_1p3_Pl_mc_AKGC417L,0.109,2.529,0,1
138_1p3_Pl_mc_AKGC417L,2.529,6.786,1,0
138_1p3_Pl_mc_AKGC417L,6.786,10.826,1,0
138_1p3_Pl_mc_AKGC417L,10.826,14.967,1,0
138_1p3_Pl_mc_AKGC417L,14.967,18.723,1,0
130_2b4_Ar_mc_AKGC417L,0.338,1.399,1,0
130_2b4_Ar_mc_AKGC417L,1.399,3.768,1,0
130_2b4_Ar_mc_AKGC417L,3.768,5.875,1,0
130_2b4_Ar_mc_AKGC417L,5.875,8.173,1,0
130_2b4_Ar_mc_AKGC417L,8.173,10.542,1,0
130_2b4_Ar_mc_AKGC417L,10.542,12.673,1,0
130_2b4_Ar_mc_AKGC417L,12.673,15.042,1,0
130_2b4_Ar_mc_AKGC417L,15.042,17.244,1,0
130_2b4_Ar_mc_AKGC417L,17.244,19.426,1,0
130_3p2_Ar_mc_AKGC417L,1.461,2.918,0,0
130_3p2_Ar_mc_AKGC417L,2.918,5.839,1,0
130_3p2_Ar_mc_AKGC417L,5.839,8.605,0,0
130_3p2_Ar_mc_AKGC417L,8.605,11.637,1,0
130_3p2_Ar_mc_AKGC417L,11.637,14.492,1,0
130_3p2_Ar_mc_AKGC417L,14.492,17.389,0,0
130_3p2_Ar_mc_AKGC417L,17.389,18.796,0,0
107_3p2_Ar_mc_AKGC417L,0.804,3.256,0,1
107_3p2_Ar_mc_AKGC417L,3.256,5.566,0,1
107_3p2_Ar_mc_AKGC417L,5.566,7.851,0,1
107_3p2_Ar_mc_AKGC417L,7.851,10.054,1,1
107_3p2_Ar_mc_AKGC417L,10.054,12.066,0,1
107_3p2_Ar_mc_AKGC417L,12.066,14.47,1,1
107_3p2_Ar_mc_AKGC417L,14.47,16.696,1,1
107_3p2_Ar_mc_AKGC417L,16.696,18.887,1,1
107_3p2_Ar_mc_AKGC417L,18.887,19.792,0,1
158_1p2_Tc_mc_AKGC417L,0.776,2.513,1,0
158_1p2_Tc_mc_AKGC417L,2.513,5.384,1,0
158_1p2_Tc_mc_AKGC417L,5.384,7.888,0,0
158_1p2_Tc_mc_AKGC417L,7.888,10.276,0,0
158_1p2_Tc_mc_AKGC417L,10.276,12.73,0,0
158_1p2_Tc_mc_AKGC417L,12.73,15.351,0,0
158_1p2_Tc_mc_AKGC417L,15.351,17.638,0,0
158_1p2_Tc_mc_AKGC417L,17.638,18.523,0,0
107_2b3_Pr_mc_AKGC417L,0.887,2.601,0,0
107_2b3_Pr_mc_AKGC417L,2.601,5.327,1,0
107_2b3_Pr_mc_AKGC417L,5.327,7.923,1,1
107_2b3_Pr_mc_AKGC417L,7.923,10.53,0,0
107_2b3_Pr_mc_AKGC417L,10.53,13.196,1,0
107_2b3_Pr_mc_AKGC417L,13.196,15.565,1,1
107_2b3_Pr_mc_AKGC417L,15.565,18.054,1,0
107_2b3_Pr_mc_AKGC417L,18.054,19.101,1,1
135_2b3_Al_mc_LittC2SE,0.107,2.564,0,0
135_2b3_Al_mc_LittC2SE,2.564,4.807,0,0
135_2b3_Al_mc_LittC2SE,4.807,7.021,0,0
135_2b3_Al_mc_LittC2SE,7.021,9.193,0,0
135_2b3_Al_mc_LittC2SE,9.193,13.021,0,0
135_2b3_Al_mc_LittC2SE,13.021,15.164,0,0
135_2b3_Al_mc_LittC2SE,15.164,17.464,0,0
135_2b3_Al_mc_LittC2SE,17.464,19.636,0,0
135_2b3_Al_mc_LittC2SE,19.636,19.964,0,0
130_1p3_Lr_mc_AKGC417L,1.066,4.899,0,1
130_1p3_Lr_mc_AKGC417L,4.899,8.256,0,0
130_1p3_Lr_mc_AKGC417L,8.256,11.673,0,1
130_1p3_Lr_mc_AKGC417L,11.673,15.077,0,0
130_1p3_Lr_mc_AKGC417L,15.077,18.375,0,1
130_1p3_Lr_mc_AKGC417L,18.375,19.946,0,0
138_1p2_Ar_mc_AKGC417L,0.159,3.715,1,0
138_1p2_Ar_mc_AKGC417L,3.715,7.855,1,0
138_1p2_Ar_mc_AKGC417L,7.855,11.461,0,0
138_1p2_Ar_mc_AKGC417L,11.461,15.568,0,0
138_1p2_Ar_mc_AKGC417L,15.568,19.157,0,0
147_2b2_Pl_mc_AKGC417L,0.394,4.086,0,0
147_2b2_Pl_mc_AKGC417L,4.086,8.364,0,1
147_2b2_Pl_mc_AKGC417L,8.364,12.794,0,1
147_2b2_Pl_mc_AKGC417L,12.794,17.693,0,1
147_2b2_Pl_mc_AKGC417L,17.693,19.908,0,0
154_2b4_Pr_mc_AKGC417L,1.33,3.804,0,0
154_2b4_Pr_mc_AKGC417L,3.804,6.396,0,0
154_2b4_Pr_mc_AKGC417L,6.396,8.938,1,0
154_2b4_Pr_mc_AKGC417L,8.938,11.58,0,0
154_2b4_Pr_mc_AKGC417L,11.58,14.072,0,0
154_2b4_Pr_mc_AKGC417L,14.072,17.049,1,0
154_2b4_Pr_mc_AKGC417L,17.049,19.49,0,0
130_2b2_Tc_mc_AKGC417L,0.069,2.563,0,0
130_2b2_Tc_mc_AKGC417L,2.563,4.933,0,0
130_2b2_Tc_mc_AKGC417L,4.933,7.466,0,0
130_2b2_Tc_mc_AKGC417L,7.466,10.124,0,0
130_2b2_Tc_mc_AKGC417L,10.124,12.707,0,0
130_2b2_Tc_mc_AKGC417L,12.707,15.078,0,0
130_2b2_Tc_mc_AKGC417L,15.078,17.615,0,0
130_2b2_Tc_mc_AKGC417L,17.615,19.946,0,0
138_2p2_Pr_mc_AKGC417L,1.644,3.18,1,0
138_2p2_Pr_mc_AKGC417L,3.18,6.035,1,0
138_2p2_Pr_mc_AKGC417L,6.035,8.94,1,1
138_2p2_Pr_mc_AKGC417L,8.94,11.828,1,0
138_2p2_Pr_mc_AKGC417L,11.828,14.449,1,0
138_2p2_Pr_mc_AKGC417L,14.449,17.654,1,0
138_2p2_Pr_mc_AKGC417L,17.654,19.04,1,1
147_2b4_Ll_mc_AKGC417L,0.176,3.985,0,0
147_2b4_Ll_mc_AKGC417L,3.985,8.163,0,0
147_2b4_Ll_mc_AKGC417L,8.163,12.039,0,0
147_2b4_Ll_mc_AKGC417L,12.039,17.24,0,0
147_2b4_Ll_mc_AKGC417L,17.24,18.951,0,0
114_1b4_Al_mc_AKGC417L,0.327,2.697,0,1
114_1b4_Al_mc_AKGC417L,2.697,6.006,1,1
114_1b4_Al_mc_AKGC417L,6.006,9.387,1,1
114_1b4_Al_mc_AKGC417L,9.387,12.589,1,1
114_1b4_Al_mc_AKGC417L,12.589,15.637,1,0
114_1b4_Al_mc_AKGC417L,15.637,19.006,1,1
114_1b4_Al_mc_AKGC417L,19.006,19.958,1,0
154_1b3_Pl_mc_AKGC417L,0.399,2.327,1,0
154_1b3_Pl_mc_AKGC417L,2.327,4.316,1,0
154_1b3_Pl_mc_AKGC417L,4.316,6.149,1,0
154_1b3_Pl_mc_AKGC417L,6.149,8.042,1,0
154_1b3_Pl_mc_AKGC417L,8.042,9.816,1,0
154_1b3_Pl_mc_AKGC417L,9.816,11.554,1,0
154_1b3_Pl_mc_AKGC417L,11.554,13.089,1,0
154_1b3_Pl_mc_AKGC417L,13.089,14.566,1,0
154_1b3_Pl_mc_AKGC417L,14.566,16.101,1,0
154_1b3_Pl_mc_AKGC417L,16.101,17.613,1,0
154_1b3_Pl_mc_AKGC417L,17.613,19.089,0,0
154_1b3_Pl_mc_AKGC417L,19.089,19.827,0,0
151_2p4_Ar_mc_AKGC417L,0.059,2.897,1,0
151_2p4_Ar_mc_AKGC417L,2.897,6.486,0,1
151_2p4_Ar_mc_AKGC417L,6.486,10.175,0,1
151_2p4_Ar_mc_AKGC417L,10.175,13.648,0,0
151_2p4_Ar_mc_AKGC417L,13.648,16.185,0,0
151_2p4_Ar_mc_AKGC417L,16.185,18.756,0,0
195_1b1_Ll_sc_Litt3200,1.8746,4.2417,0,1
195_1b1_Ll_sc_Litt3200,4.2417,6.438,0,0
195_1b1_Ll_sc_Litt3200,6.438,8.8646,1,0
195_1b1_Ll_sc_Litt3200,8.8646,11.188,1,1
195_1b1_Ll_sc_Litt3200,11.188,12.955,1,1
195_1b1_Ll_sc_Litt3200,12.955,15.068,0,1
195_1b1_Ll_sc_Litt3200,15.068,17.261,1,1
195_1b1_Ll_sc_Litt3200,17.261,19.04,1,0
195_1b1_Ll_sc_Litt3200,19.04,21.471,0,0
195_1b1_Ll_sc_Litt3200,21.471,23.552,0,0
195_1b1_Ll_sc_Litt3200,23.552,24.624,1,0
133_2p2_Al_mc_AKGC417L,0.137,2.554,0,0
133_2p2_Al_mc_AKGC417L,2.554,5.018,0,0
133_2p2_Al_mc_AKGC417L,5.018,7.387,0,0
133_2p2_Al_mc_AKGC417L,7.387,9.839,1,0
133_2p2_Al_mc_AKGC417L,9.839,12.256,1,0
133_2p2_Al_mc_AKGC417L,12.256,14.542,0,0
133_2p2_Al_mc_AKGC417L,14.542,16.899,0,0
133_2p2_Al_mc_AKGC417L,16.899,19.089,0,0
133_2p2_Al_mc_AKGC417L,19.089,19.958,0,0
151_2p4_Lr_mc_AKGC417L,0.059,2.897,0,0
151_2p4_Lr_mc_AKGC417L,2.897,6.486,0,1
151_2p4_Lr_mc_AKGC417L,6.486,10.175,0,0
151_2p4_Lr_mc_AKGC417L,10.175,13.648,0,0
151_2p4_Lr_mc_AKGC417L,13.648,16.185,0,0
151_2p4_Lr_mc_AKGC417L,16.185,18.756,0,0
107_2b3_Lr_mc_AKGC417L,0.887,2.601,0,0
107_2b3_Lr_mc_AKGC417L,2.601,5.327,1,0
107_2b3_Lr_mc_AKGC417L,5.327,7.923,1,0
107_2b3_Lr_mc_AKGC417L,7.923,10.53,1,0
107_2b3_Lr_mc_AKGC417L,10.53,13.196,1,0
107_2b3_Lr_mc_AKGC417L,13.196,15.565,1,0
107_2b3_Lr_mc_AKGC417L,15.565,18.054,1,0
107_2b3_Lr_mc_AKGC417L,18.054,19.101,1,0
218_1p1_Ar_sc_Litt3200,0.42237,3.8335,0,0
218_1p1_Ar_sc_Litt3200,3.8335,7.4925,0,0
218_1p1_Ar_sc_Litt3200,7.4925,10.977,0,0
218_1p1_Ar_sc_Litt3200,10.977,16.123,0,1
218_1p1_Ar_sc_Litt3200,16.123,22.51,0,1
218_1p1_Ar_sc_Litt3200,22.51,28.464,0,1
107_3p2_Ll_mc_AKGC417L,0.804,3.256,1,0
107_3p2_Ll_mc_AKGC417L,3.256,5.566,1,0
107_3p2_Ll_mc_AKGC417L,5.566,7.851,1,0
107_3p2_Ll_mc_AKGC417L,7.851,10.054,1,0
107_3p2_Ll_mc_AKGC417L,10.054,12.066,1,0
107_3p2_Ll_mc_AKGC417L,12.066,14.47,1,0
107_3p2_Ll_mc_AKGC417L,14.47,16.696,1,0
107_3p2_Ll_mc_AKGC417L,16.696,18.887,1,0
107_3p2_Ll_mc_AKGC417L,18.887,19.792,1,0
130_3p4_Al_mc_AKGC417L,0.066,2.697,1,1
130_3p4_Al_mc_AKGC417L,2.697,5.47,1,1
130_3p4_Al_mc_AKGC417L,5.47,7.995,1,0
130_3p4_Al_mc_AKGC417L,7.995,10.729,1,0
130_3p4_Al_mc_AKGC417L,10.729,13.377,1,0
130_3p4_Al_mc_AKGC417L,13.377,15.775,0,0
130_3p4_Al_mc_AKGC417L,15.775,18.156,1,0
130_3p4_Al_mc_AKGC417L,18.156,19.194,0,0
130_3b4_Al_mc_AKGC417L,1.414,5.925,0,0
130_3b4_Al_mc_AKGC417L,5.925,9.958,0,0
130_3b4_Al_mc_AKGC417L,9.958,14.079,0,0
130_3b4_Al_mc_AKGC417L,14.079,17.703,0,0
130_3b4_Al_mc_AKGC417L,17.703,19.167,0,0
132_2b2_Lr_mc_LittC2SE,0.007,1.864,0,0
132_2b2_Lr_mc_LittC2SE,1.864,4.022,1,0
132_2b2_Lr_mc_LittC2SE,4.022,6.25,1,0
132_2b2_Lr_mc_LittC2SE,6.25,8.536,1,0
132_2b2_Lr_mc_LittC2SE,8.536,10.807,1,0
132_2b2_Lr_mc_LittC2SE,10.807,13.226,1,0
132_2b2_Lr_mc_LittC2SE,13.226,15.244,1,0
132_2b2_Lr_mc_LittC2SE,15.244,17.305,1,0
132_2b2_Lr_mc_LittC2SE,17.305,19.578,1,0
132_2b2_Lr_mc_LittC2SE,19.578,19.945,1,0
130_2p5_Al_mc_AKGC417L,0.042,1.785,1,0
130_2p5_Al_mc_AKGC417L,1.785,3.922,1,0
130_2p5_Al_mc_AKGC417L,3.922,5.937,1,0
130_2p5_Al_mc_AKGC417L,5.937,7.83,1,0
130_2p5_Al_mc_AKGC417L,7.83,9.794,1,0
130_2p5_Al_mc_AKGC417L,9.794,11.56,1,0
130_2p5_Al_mc_AKGC417L,11.56,13.952,1,0
130_2p5_Al_mc_AKGC417L,13.952,15.978,1,0
130_2p5_Al_mc_AKGC417L,15.978,17.937,1,0
130_2p5_Al_mc_AKGC417L,17.937,19.362,1,0
130_2p5_Al_mc_AKGC417L,19.362,19.958,1,1
145_2b2_Ar_mc_AKGC417L,1.589,5.458,1,0
145_2b2_Ar_mc_AKGC417L,5.458,9.316,0,0
145_2b2_Ar_mc_AKGC417L,9.316,13.03,1,0
145_2b2_Ar_mc_AKGC417L,13.03,16.887,1,0
145_2b2_Ar_mc_AKGC417L,16.887,19.958,0,0
109_1b1_Pl_sc_Litt3200,0,2.3113,0,0
109_1b1_Pl_sc_Litt3200,2.3113,4.133,0,0
109_1b1_Pl_sc_Litt3200,4.133,6.3533,0,0
109_1b1_Pl_sc_Litt3200,6.3533,8.6532,0,0
109_1b1_Pl_sc_Litt3200,8.6532,11.283,0,0
109_1b1_Pl_sc_Litt3200,11.283,13.139,0,0
109_1b1_Pl_sc_Litt3200,13.139,14.95,0,0
109_1b1_Pl_sc_Litt3200,14.95,16.561,0,0
109_1b1_Pl_sc_Litt3200,16.561,17.648,0,0
107_2b4_Ll_mc_AKGC417L,1.018,3.411,1,0
107_2b4_Ll_mc_AKGC417L,3.411,5.827,1,0
107_2b4_Ll_mc_AKGC417L,5.827,8.339,1,0
107_2b4_Ll_mc_AKGC417L,8.339,10.923,1,0
107_2b4_Ll_mc_AKGC417L,10.923,13.292,1,0
107_2b4_Ll_mc_AKGC417L,13.292,16.018,1,0
107_2b4_Ll_mc_AKGC417L,16.018,18.482,1,0
107_2b4_Ll_mc_AKGC417L,18.482,19.542,1,0
130_3p2_Pl_mc_AKGC417L,1.461,2.918,1,0
130_3p2_Pl_mc_AKGC417L,2.918,5.839,1,0
130_3p2_Pl_mc_AKGC417L,5.839,8.605,1,0
130_3p2_Pl_mc_AKGC417L,8.605,11.637,1,0
130_3p2_Pl_mc_AKGC417L,11.637,14.492,1,0
130_3p2_Pl_mc_AKGC417L,14.492,17.389,1,0
130_3p2_Pl_mc_AKGC417L,17.389,18.796,1,0
130_2p5_Pl_mc_AKGC417L,0.042,1.785,1,0
130_2p5_Pl_mc_AKGC417L,1.785,3.922,1,0
130_2p5_Pl_mc_AKGC417L,3.922,5.937,1,0
130_2p5_Pl_mc_AKGC417L,5.937,7.83,1,0
130_2p5_Pl_mc_AKGC417L,7.83,9.794,1,0
130_2p5_Pl_mc_AKGC417L,9.794,11.56,1,1
130_2p5_Pl_mc_AKGC417L,11.56,13.952,1,0
130_2p5_Pl_mc_AKGC417L,13.952,15.978,1,1
130_2p5_Pl_mc_AKGC417L,15.978,17.937,1,0
130_2p5_Pl_mc_AKGC417L,17.937,19.362,1,0
130_2p5_Pl_mc_AKGC417L,19.362,19.958,1,0
133_3p2_Ar_mc_AKGC417L,0.851,2.197,0,0
133_3p2_Ar_mc_AKGC417L,2.197,4.661,0,1
133_3p2_Ar_mc_AKGC417L,4.661,7.423,0,1
133_3p2_Ar_mc_AKGC417L,7.423,9.792,0,1
133_3p2_Ar_mc_AKGC417L,9.792,12.173,0,1
133_3p2_Ar_mc_AKGC417L,12.173,14.744,0,1
133_3p2_Ar_mc_AKGC417L,14.744,17.173,0,1
133_3p2_Ar_mc_AKGC417L,17.173,19.696,0,0
138_1p2_Tc_mc_AKGC417L,0.159,3.715,0,0
138_1p2_Tc_mc_AKGC417L,3.715,7.855,0,0
138_1p2_Tc_mc_AKGC417L,7.855,11.461,0,0
138_1p2_Tc_mc_AKGC417L,11.461,15.568,0,1
138_1p2_Tc_mc_AKGC417L,15.568,19.157,0,0
145_3b4_Pl_mc_AKGC417L,1.06,4.649,0,0
145_3b4_Pl_mc_AKGC417L,4.649,8.339,0,0
145_3b4_Pl_mc_AKGC417L,8.339,12.112,0,0
145_3b4_Pl_mc_AKGC417L,12.112,15.735,0,0
145_3b4_Pl_mc_AKGC417L,15.735,19.14,0,0
121_1b1_Tc_sc_LittC2SE,0.007,2.064,0,0
121_1b1_Tc_sc_LittC2SE,2.064,5.921,0,0
121_1b1_Tc_sc_LittC2SE,5.921,10.107,0,0
121_1b1_Tc_sc_LittC2SE,10.107,14.493,0,0
121_1b1_Tc_sc_LittC2SE,14.493,18.893,0,0
121_1b1_Tc_sc_LittC2SE,18.893,19.979,0,0
151_2p2_Lr_mc_AKGC417L,0.609,2.412,0,1
151_2p2_Lr_mc_AKGC417L,2.412,5.601,0,0
151_2p2_Lr_mc_AKGC417L,5.601,8.74,0,0
151_2p2_Lr_mc_AKGC417L,8.74,12.179,1,0
151_2p2_Lr_mc_AKGC417L,12.179,15.701,0,0
151_2p2_Lr_mc_AKGC417L,15.701,19.157,0,0
112_1p1_Pr_sc_Litt3200,2.3323,5.5452,0,0
112_1p1_Pr_sc_Litt3200,5.5452,8.3516,0,1
112_1p1_Pr_sc_Litt3200,8.3516,11.352,0,1
112_1p1_Pr_sc_Litt3200,11.352,14.865,0,1
112_1p1_Pr_sc_Litt3200,14.865,17.787,0,1
112_1p1_Pr_sc_Litt3200,17.787,20.71,0,1
112_1p1_Pr_sc_Litt3200,20.71,23.874,0,1
112_1p1_Pr_sc_Litt3200,23.874,26.652,0,1
112_1p1_Pr_sc_Litt3200,26.652,30,0,1
130_1p2_Pr_mc_AKGC417L,0.697,2.423,0,0
130_1p2_Pr_mc_AKGC417L,2.423,5.101,1,0
130_1p2_Pr_mc_AKGC417L,5.101,8.339,1,1
130_1p2_Pr_mc_AKGC417L,8.339,11.28,1,0
130_1p2_Pr_mc_AKGC417L,11.28,14.316,1,1
130_1p2_Pr_mc_AKGC417L,14.316,17.03,1,1
130_1p2_Pr_mc_AKGC417L,17.03,19.554,0,0
154_4b4_Pr_mc_AKGC417L,0.292,2.244,1,0
154_4b4_Pr_mc_AKGC417L,2.244,4.363,0,0
154_4b4_Pr_mc_AKGC417L,4.363,6.295,0,0
154_4b4_Pr_mc_AKGC417L,6.295,8.458,0,0
154_4b4_Pr_mc_AKGC417L,8.458,10.444,0,0
154_4b4_Pr_mc_AKGC417L,10.444,12.423,0,0
154_4b4_Pr_mc_AKGC417L,12.423,14.732,0,0
154_4b4_Pr_mc_AKGC417L,14.732,16.851,1,0
154_4b4_Pr_mc_AKGC417L,16.851,18.78,0,0
154_4b4_Pr_mc_AKGC417L,18.78,19.696,0,0
107_3p2_Pr_mc_AKGC417L,0.804,3.256,1,1
107_3p2_Pr_mc_AKGC417L,3.256,5.566,1,1
107_3p2_Pr_mc_AKGC417L,5.566,7.851,1,1
107_3p2_Pr_mc_AKGC417L,7.851,10.054,1,1
107_3p2_Pr_mc_AKGC417L,10.054,12.066,1,1
107_3p2_Pr_mc_AKGC417L,12.066,14.47,1,0
107_3p2_Pr_mc_AKGC417L,14.47,16.696,1,0
107_3p2_Pr_mc_AKGC417L,16.696,18.887,1,0
107_3p2_Pr_mc_AKGC417L,18.887,19.792,1,0
110_1p1_Pr_sc_Meditron,0.91028,6.4933,0,0
110_1p1_Pr_sc_Meditron,6.4933,10.911,0,0
110_1p1_Pr_sc_Meditron,10.911,14.176,0,0
110_1p1_Pr_sc_Meditron,14.176,18.291,0,0
110_1p1_Pr_sc_Meditron,18.291,23.497,0,0
110_1p1_Pr_sc_Meditron,23.497,28.134,0,0
110_1p1_Pr_sc_Meditron,28.134,34.797,0,0
110_1p1_Pr_sc_Meditron,34.797,40.599,0,0
110_1p1_Pr_sc_Meditron,40.599,45.696,0,0
110_1p1_Pr_sc_Meditron,45.696,50.211,0,0
110_1p1_Pr_sc_Meditron,50.211,54.532,0,0
110_1p1_Pr_sc_Meditron,54.532,58.877,0,0
110_1p1_Pr_sc_Meditron,58.877,63.623,0,0
110_1p1_Pr_sc_Meditron,63.623,67.591,0,0
110_1p1_Pr_sc_Meditron,67.591,71.293,0,0
110_1p1_Pr_sc_Meditron,71.293,75.25,0,0
130_2p5_Pr_mc_AKGC417L,0.042,1.785,1,0
130_2p5_Pr_mc_AKGC417L,1.785,3.922,1,1
130_2p5_Pr_mc_AKGC417L,3.922,5.937,1,0
130_2p5_Pr_mc_AKGC417L,5.937,7.83,1,0
130_2p5_Pr_mc_AKGC417L,7.83,9.794,1,0
130_2p5_Pr_mc_AKGC417L,9.794,11.56,1,0
130_2p5_Pr_mc_AKGC417L,11.56,13.952,1,0
130_2p5_Pr_mc_AKGC417L,13.952,15.978,1,0
130_2p5_Pr_mc_AKGC417L,15.978,17.937,1,0
130_2p5_Pr_mc_AKGC417L,17.937,19.362,1,0
130_2p5_Pr_mc_AKGC417L,19.362,19.958,1,0
138_2p2_Lr_mc_AKGC417L,1.644,3.18,1,0
138_2p2_Lr_mc_AKGC417L,3.18,6.035,0,0
138_2p2_Lr_mc_AKGC417L,6.035,8.94,1,0
138_2p2_Lr_mc_AKGC417L,8.94,11.828,1,0
138_2p2_Lr_mc_AKGC417L,11.828,14.449,1,0
138_2p2_Lr_mc_AKGC417L,14.449,17.654,0,0
138_2p2_Lr_mc_AKGC417L,17.654,19.04,1,0
114_1b4_Pr_mc_AKGC417L,0.327,2.697,0,1
114_1b4_Pr_mc_AKGC417L,2.697,6.006,1,1
114_1b4_Pr_mc_AKGC417L,6.006,9.387,1,1
114_1b4_Pr_mc_AKGC417L,9.387,12.589,1,1
114_1b4_Pr_mc_AKGC417L,12.589,15.637,1,0
114_1b4_Pr_mc_AKGC417L,15.637,19.006,1,1
114_1b4_Pr_mc_AKGC417L,19.006,19.958,1,0
138_1p4_Lr_mc_AKGC417L,1.361,5.267,1,0
138_1p4_Lr_mc_AKGC417L,5.267,9.224,1,0
138_1p4_Lr_mc_AKGC417L,9.224,12.947,1,0
138_1p4_Lr_mc_AKGC417L,12.947,16.886,1,0
138_1p4_Lr_mc_AKGC417L,16.886,18.773,1,0
130_1p3_Pr_mc_AKGC417L,1.066,4.899,0,1
130_1p3_Pr_mc_AKGC417L,4.899,8.256,0,0
130_1p3_Pr_mc_AKGC417L,8.256,11.673,0,1
130_1p3_Pr_mc_AKGC417L,11.673,15.077,0,0
130_1p3_Pr_mc_AKGC417L,15.077,18.375,0,0
130_1p3_Pr_mc_AKGC417L,18.375,19.946,0,0
130_3p4_Pl_mc_AKGC417L,0.066,2.697,1,0
130_3p4_Pl_mc_AKGC417L,2.697,5.47,1,0
130_3p4_Pl_mc_AKGC417L,5.47,7.995,1,1
130_3p4_Pl_mc_AKGC417L,7.995,10.729,1,1
130_3p4_Pl_mc_AKGC417L,10.729,13.377,1,1
130_3p4_Pl_mc_AKGC417L,13.377,15.775,1,0
130_3p4_Pl_mc_AKGC417L,15.775,18.156,1,0
130_3p4_Pl_mc_AKGC417L,18.156,19.194,1,0
130_3b4_Ar_mc_AKGC417L,1.414,5.925,0,0
130_3b4_Ar_mc_AKGC417L,5.925,9.958,0,0
130_3b4_Ar_mc_AKGC417L,9.958,14.079,0,0
130_3b4_Ar_mc_AKGC417L,14.079,17.703,0,0
130_3b4_Ar_mc_AKGC417L,17.703,19.167,0,0
213_1p5_Pr_mc_AKGC417L,6.302,8.356,0,0
213_1p5_Pr_mc_AKGC417L,8.356,10.643,1,0
213_1p5_Pr_mc_AKGC417L,10.643,13.063,0,0
213_1p5_Pr_mc_AKGC417L,13.063,15.284,0,0
213_1p5_Pr_mc_AKGC417L,15.284,17.638,0,0
213_1p5_Pr_mc_AKGC417L,17.638,19.908,1,0
120_1b1_Pl_sc_Meditron,2.8917,5.6855,0,0
120_1b1_Pl_sc_Meditron,5.6855,8.0663,0,0
120_1b1_Pl_sc_Meditron,8.0663,10.643,0,0
120_1b1_Pl_sc_Meditron,10.643,12.86,0,0
120_1b1_Pl_sc_Meditron,12.86,15.295,0,0
120_1b1_Pl_sc_Meditron,15.295,17.861,0,0
120_1b1_Pl_sc_Meditron,17.861,20.492,0,0
120_1b1_Pl_sc_Meditron,20.492,22.786,0,0
120_1b1_Pl_sc_Meditron,22.786,25.155,0,0
120_1b1_Pl_sc_Meditron,25.155,27.471,0,0
120_1b1_Pl_sc_Meditron,27.471,29.852,0,0
120_1b1_Pl_sc_Meditron,29.852,32.015,0,0
120_1b1_Pl_sc_Meditron,32.015,35.863,0,0
120_1b1_Pl_sc_Meditron,35.863,38.288,0,0
120_1b1_Pl_sc_Meditron,38.288,40.984,0,0
120_1b1_Pl_sc_Meditron,40.984,42.766,1,0
120_1b1_Pl_sc_Meditron,42.766,44.875,1,0
120_1b1_Pl_sc_Meditron,44.875,46.495,1,0
120_1b1_Pl_sc_Meditron,46.495,48.213,1,0
120_1b1_Pl_sc_Meditron,48.213,50.072,0,0
120_1b1_Pl_sc_Meditron,50.072,52.126,1,0
120_1b1_Pl_sc_Meditron,52.126,53.713,1,0
120_1b1_Pl_sc_Meditron,53.713,55.594,1,0
120_1b1_Pl_sc_Meditron,55.594,57.333,1,0
120_1b1_Pl_sc_Meditron,57.333,58.964,1,0
120_1b1_Pl_sc_Meditron,58.964,60.671,1,0
120_1b1_Pl_sc_Meditron,60.671,62.236,1,0
120_1b1_Pl_sc_Meditron,62.236,63.943,1,0
120_1b1_Pl_sc_Meditron,63.943,65.519,1,0
120_1b1_Pl_sc_Meditron,65.519,67.4,1,0
151_2p2_Pl_mc_AKGC417L,0.609,2.412,0,1
151_2p2_Pl_mc_AKGC417L,2.412,5.601,0,1
151_2p2_Pl_mc_AKGC417L,5.601,8.74,0,1
151_2p2_Pl_mc_AKGC417L,8.74,12.179,0,0
151_2p2_Pl_mc_AKGC417L,12.179,15.701,0,0
151_2p2_Pl_mc_AKGC417L,15.701,19.157,0,1
145_3b2_Lr_mc_AKGC417L,0.476,3.18,1,0
145_3b2_Lr_mc_AKGC417L,3.18,6.82,1,0
145_3b2_Lr_mc_AKGC417L,6.82,10.776,1,0
145_3b2_Lr_mc_AKGC417L,10.776,14.316,1,0
145_3b2_Lr_mc_AKGC417L,14.316,18.322,1,0
145_3b2_Lr_mc_AKGC417L,18.322,19.541,1,0
122_2b3_Ar_mc_LittC2SE,0.036,4.207,0,0
122_2b3_Ar_mc_LittC2SE,4.207,7.893,0,1
122_2b3_Ar_mc_LittC2SE,7.893,12.221,0,0
122_2b3_Ar_mc_LittC2SE,12.221,16.593,0,0
122_2b3_Ar_mc_LittC2SE,16.593,19.95,0,0
134_2b2_Al_mc_LittC2SE,0.022,0.707,0,0
134_2b2_Al_mc_LittC2SE,0.707,4.779,0,0
134_2b2_Al_mc_LittC2SE,4.779,8.421,0,0
134_2b2_Al_mc_LittC2SE,8.421,12.236,0,0
134_2b2_Al_mc_LittC2SE,12.236,15.693,0,0
134_2b2_Al_mc_LittC2SE,15.693,19.593,0,0
134_2b2_Al_mc_LittC2SE,19.593,19.964,0,0
135_2b2_Pl_mc_LittC2SE,0.022,4.85,0,0
135_2b2_Pl_mc_LittC2SE,4.85,7.55,0,0
135_2b2_Pl_mc_LittC2SE,7.55,10.536,0,0
135_2b2_Pl_mc_LittC2SE,10.536,13.421,0,0
135_2b2_Pl_mc_LittC2SE,13.421,16.536,0,0
135_2b2_Pl_mc_LittC2SE,16.536,19.236,0,0
135_2b2_Pl_mc_LittC2SE,19.236,19.95,0,0
146_8p3_Pl_mc_AKGC417L,0.03,1.208,0,0
146_8p3_Pl_mc_AKGC417L,1.208,3.899,0,0
146_8p3_Pl_mc_AKGC417L,3.899,6.518,0,0
146_8p3_Pl_mc_AKGC417L,6.518,9.006,0,0
146_8p3_Pl_mc_AKGC417L,9.006,11.446,0,0
146_8p3_Pl_mc_AKGC417L,11.446,14.054,0,0
146_8p3_Pl_mc_AKGC417L,14.054,16.542,0,0
146_8p3_Pl_mc_AKGC417L,16.542,19.03,0,0
146_8p3_Pl_mc_AKGC417L,19.03,19.946,0,0
154_2b4_Ar_mc_AKGC417L,1.33,3.804,0,0
154_2b4_Ar_mc_AKGC417L,3.804,6.396,0,0
154_2b4_Ar_mc_AKGC417L,6.396,8.938,0,0
154_2b4_Ar_mc_AKGC417L,8.938,11.58,0,0
154_2b4_Ar_mc_AKGC417L,11.58,14.072,1,0
154_2b4_Ar_mc_AKGC417L,14.072,17.049,1,0
154_2b4_Ar_mc_AKGC417L,17.049,19.49,0,0
151_2p2_Al_mc_AKGC417L,0.609,2.412,1,1
151_2p2_Al_mc_AKGC417L,2.412,5.601,0,1
151_2p2_Al_mc_AKGC417L,5.601,8.74,1,1
151_2p2_Al_mc_AKGC417L,8.74,12.179,0,0
151_2p2_Al_mc_AKGC417L,12.179,15.701,1,0
151_2p2_Al_mc_AKGC417L,15.701,19.157,0,1
130_1p4_Ar_mc_AKGC417L,0.089,2.875,0,1
130_1p4_Ar_mc_AKGC417L,2.875,6.137,0,1
130_1p4_Ar_mc_AKGC417L,6.137,8.994,0,1
130_1p4_Ar_mc_AKGC417L,8.994,11.875,0,1
130_1p4_Ar_mc_AKGC417L,11.875,14.554,0,0
130_1p4_Ar_mc_AKGC417L,14.554,17.161,0,1
130_1p4_Ar_mc_AKGC417L,17.161,19.946,0,0
140_2b2_Ll_mc_LittC2SE,0.022,1.136,0,0
140_2b2_Ll_mc_LittC2SE,1.136,3.107,0,0
140_2b2_Ll_mc_LittC2SE,3.107,5.179,0,0
140_2b2_Ll_mc_LittC2SE,5.179,7.107,0,0
140_2b2_Ll_mc_LittC2SE,7.107,9.564,0,0
140_2b2_Ll_mc_LittC2SE,9.564,11.45,0,0
140_2b2_Ll_mc_LittC2SE,11.45,13.436,1,0
140_2b2_Ll_mc_LittC2SE,13.436,15.479,0,0
140_2b2_Ll_mc_LittC2SE,15.479,17.479,0,0
140_2b2_Ll_mc_LittC2SE,17.479,19.736,0,0
140_2b2_Ll_mc_LittC2SE,19.736,19.993,0,0
147_2b4_Al_mc_AKGC417L,0.176,3.985,0,0
147_2b4_Al_mc_AKGC417L,3.985,8.163,0,0
147_2b4_Al_mc_AKGC417L,8.163,12.039,0,0
147_2b4_Al_mc_AKGC417L,12.039,17.24,0,0
147_2b4_Al_mc_AKGC417L,17.24,18.951,0,0
146_8p3_Al_mc_AKGC417L,0.054,1.197,0,0
146_8p3_Al_mc_AKGC417L,1.197,3.911,0,0
146_8p3_Al_mc_AKGC417L,3.911,6.518,0,0
146_8p3_Al_mc_AKGC417L,6.518,9.018,0,0
146_8p3_Al_mc_AKGC417L,9.018,11.458,0,0
146_8p3_Al_mc_AKGC417L,11.458,14.042,0,0
146_8p3_Al_mc_AKGC417L,14.042,16.53,0,0
146_8p3_Al_mc_AKGC417L,16.53,19.042,0,0
146_8p3_Al_mc_AKGC417L,19.042,19.97,0,0
104_1b1_Al_sc_Litt3200,0,1.8771,0,0
104_1b1_Al_sc_Litt3200,1.8771,3.7543,0,0
104_1b1_Al_sc_Litt3200,3.7543,6.1071,0,0
104_1b1_Al_sc_Litt3200,6.1071,8.2502,0,0
104_1b1_Al_sc_Litt3200,8.2502,12.618,0,0
104_1b1_Al_sc_Litt3200,12.618,15.856,0,0
102_1b1_Ar_sc_AKGC417L,0.264,1.736,0,0
102_1b1_Ar_sc_AKGC417L,1.736,3.293,0,0
102_1b1_Ar_sc_AKGC417L,3.293,5.307,0,0
102_1b1_Ar_sc_AKGC417L,5.307,6.636,0,0
102_1b1_Ar_sc_AKGC417L,6.636,8.036,0,0
102_1b1_Ar_sc_AKGC417L,8.036,9.607,0,0
102_1b1_Ar_sc_AKGC417L,9.607,11.036,0,0
102_1b1_Ar_sc_AKGC417L,11.036,13.036,0,0
102_1b1_Ar_sc_AKGC417L,13.036,14.664,0,0
102_1b1_Ar_sc_AKGC417L,14.664,16.393,0,0
102_1b1_Ar_sc_AKGC417L,16.393,17.893,0,0
102_1b1_Ar_sc_AKGC417L,17.893,19.593,0,0
102_1b1_Ar_sc_AKGC417L,19.593,19.964,0,0
134_2b3_Ar_mc_LittC2SE,0.05,1.379,0,0
134_2b3_Ar_mc_LittC2SE,1.379,4.879,0,0
134_2b3_Ar_mc_LittC2SE,4.879,9.007,0,0
134_2b3_Ar_mc_LittC2SE,9.007,12.864,0,1
134_2b3_Ar_mc_LittC2SE,12.864,17.093,0,0
134_2b3_Ar_mc_LittC2SE,17.093,19.979,0,0
107_2b5_Lr_mc_AKGC417L,0.077,1.411,0,0
107_2b5_Lr_mc_AKGC417L,1.411,3.863,1,0
107_2b5_Lr_mc_AKGC417L,3.863,6.601,1,0
107_2b5_Lr_mc_AKGC417L,6.601,8.97,1,0
107_2b5_Lr_mc_AKGC417L,8.97,11.542,1,0
107_2b5_Lr_mc_AKGC417L,11.542,14.077,1,0
107_2b5_Lr_mc_AKGC417L,14.077,16.625,1,0
107_2b5_Lr_mc_AKGC417L,16.625,19.339,1,0
112_1p1_Ll_sc_Litt3200,0,4.3188,0,0
112_1p1_Ll_sc_Litt3200,4.3188,7.6336,0,0
112_1p1_Ll_sc_Litt3200,7.6336,11.015,0,0
112_1p1_Ll_sc_Litt3200,11.015,14.557,0,1
112_1p1_Ll_sc_Litt3200,14.557,17.446,0,1
112_1p1_Ll_sc_Litt3200,17.446,20.078,0,1
112_1p1_Ll_sc_Litt3200,20.078,22.967,0,0
112_1p1_Ll_sc_Litt3200,22.967,25.647,0,1
112_1p1_Ll_sc_Litt3200,25.647,28.214,0,1
112_1p1_Ll_sc_Litt3200,28.214,29.36,0,0
134_2b1_Al_mc_LittC2SE,0.05,1.879,0,0
134_2b1_Al_mc_LittC2SE,1.879,6.55,0,0
134_2b1_Al_mc_LittC2SE,6.55,11.364,0,0
134_2b1_Al_mc_LittC2SE,11.364,16.321,0,0
134_2b1_Al_mc_LittC2SE,16.321,19.979,0,0
146_2b4_Pr_mc_AKGC417L,0.077,3.601,0,0
146_2b4_Pr_mc_AKGC417L,3.601,7.601,0,0
146_2b4_Pr_mc_AKGC417L,7.601,11.637,0,0
146_2b4_Pr_mc_AKGC417L,11.637,15.458,0,0
146_2b4_Pr_mc_AKGC417L,15.458,19.161,0,0
146_2b4_Pr_mc_AKGC417L,19.161,19.97,0,0
104_1b1_Ll_sc_Litt3200,0.94188,2.8018,0,0
104_1b1_Ll_sc_Litt3200,2.8018,4.6915,0,0
104_1b1_Ll_sc_Litt3200,4.6915,6.7065,0,0
104_1b1_Ll_sc_Litt3200,6.7065,8.8287,0,0
104_1b1_Ll_sc_Litt3200,8.8287,10.396,1,0
104_1b1_Ll_sc_Litt3200,10.396,12.721,0,0
104_1b1_Ll_sc_Litt3200,12.721,18.48,0,0
138_1p2_Lr_mc_AKGC417L,0.159,3.715,1,1
138_1p2_Lr_mc_AKGC417L,3.715,7.855,1,0
138_1p2_Lr_mc_AKGC417L,7.855,11.461,1,0
138_1p2_Lr_mc_AKGC417L,11.461,15.568,1,0
138_1p2_Lr_mc_AKGC417L,15.568,19.157,1,0
133_2p4_Ar_mc_AKGC417L,1.066,3.554,1,0
133_2p4_Ar_mc_AKGC417L,3.554,5.923,0,0
133_2p4_Ar_mc_AKGC417L,5.923,8.375,0,0
133_2p4_Ar_mc_AKGC417L,8.375,10.78,0,0
133_2p4_Ar_mc_AKGC417L,10.78,13.161,0,0
133_2p4_Ar_mc_AKGC417L,13.161,15.78,0,0
133_2p4_Ar_mc_AKGC417L,15.78,18.292,0,0
133_2p4_Ar_mc_AKGC417L,18.292,19.47,0,0
138_2p2_Ll_mc_AKGC417L,1.644,3.18,0,0
138_2p2_Ll_mc_AKGC417L,3.18,6.035,0,0
138_2p2_Ll_mc_AKGC417L,6.035,8.94,1,0
138_2p2_Ll_mc_AKGC417L,8.94,11.828,0,0
138_2p2_Ll_mc_AKGC417L,11.828,14.449,0,0
138_2p2_Ll_mc_AKGC417L,14.449,17.654,0,0
138_2p2_Ll_mc_AKGC417L,17.654,19.04,0,0
129_1b1_Ar_sc_LittC2SE,0.036,1.322,0,0
129_1b1_Ar_sc_LittC2SE,1.322,3.993,1,0
129_1b1_Ar_sc_LittC2SE,3.993,6.593,0,0
129_1b1_Ar_sc_LittC2SE,6.593,8.821,1,0
129_1b1_Ar_sc_LittC2SE,8.821,11.264,1,0
129_1b1_Ar_sc_LittC2SE,11.264,13.836,1,0
129_1b1_Ar_sc_LittC2SE,13.836,16.379,1,0
129_1b1_Ar_sc_LittC2SE,16.379,18.836,0,0
129_1b1_Ar_sc_LittC2SE,18.836,19.564,0,0
130_1p4_Lr_mc_AKGC417L,0.089,2.875,0,0
130_1p4_Lr_mc_AKGC417L,2.875,6.137,0,1
130_1p4_Lr_mc_AKGC417L,6.137,8.994,0,1
130_1p4_Lr_mc_AKGC417L,8.994,11.875,0,1
130_1p4_Lr_mc_AKGC417L,11.875,14.554,0,1
130_1p4_Lr_mc_AKGC417L,14.554,17.161,0,1
130_1p4_Lr_mc_AKGC417L,17.161,19.946,0,0
130_1p2_Lr_mc_AKGC417L,0.697,2.423,1,0
130_1p2_Lr_mc_AKGC417L,2.423,5.101,1,0
130_1p2_Lr_mc_AKGC417L,5.101,8.339,1,0
130_1p2_Lr_mc_AKGC417L,8.339,11.28,1,0
130_1p2_Lr_mc_AKGC417L,11.28,14.316,1,1
130_1p2_Lr_mc_AKGC417L,14.316,17.03,1,1
130_1p2_Lr_mc_AKGC417L,17.03,19.554,1,1
107_2b3_Ll_mc_AKGC417L,0.887,2.601,1,0
107_2b3_Ll_mc_AKGC417L,2.601,5.327,1,0
107_2b3_Ll_mc_AKGC417L,5.327,7.923,1,0
107_2b3_Ll_mc_AKGC417L,7.923,10.53,1,0
107_2b3_Ll_mc_AKGC417L,10.53,13.196,1,0
107_2b3_Ll_mc_AKGC417L,13.196,15.565,1,0
107_2b3_Ll_mc_AKGC417L,15.565,18.054,1,0
107_2b3_Ll_mc_AKGC417L,18.054,19.101,1,0
151_3p2_Ar_mc_AKGC417L,0.059,3.514,1,0
151_3p2_Ar_mc_AKGC417L,3.514,7.488,1,1
151_3p2_Ar_mc_AKGC417L,7.488,10.86,1,0
151_3p2_Ar_mc_AKGC417L,10.86,14.232,1,0
151_3p2_Ar_mc_AKGC417L,14.232,18.389,1,0
151_3p2_Ar_mc_AKGC417L,18.389,19.958,0,0
131_1b1_Al_sc_LittC2SE,0.036,1.336,0,0
131_1b1_Al_sc_LittC2SE,1.336,2.979,0,0
131_1b1_Al_sc_LittC2SE,2.979,5.036,0,1
131_1b1_Al_sc_LittC2SE,5.036,6.479,0,0
131_1b1_Al_sc_LittC2SE,6.479,7.921,0,0
131_1b1_Al_sc_LittC2SE,7.921,10.164,0,0
131_1b1_Al_sc_LittC2SE,10.164,11.95,0,0
131_1b1_Al_sc_LittC2SE,11.95,13.736,0,0
131_1b1_Al_sc_LittC2SE,13.736,16.236,0,0
131_1b1_Al_sc_LittC2SE,16.236,18.721,0,1
131_1b1_Al_sc_LittC2SE,18.721,19.979,0,0
130_2p3_Pl_mc_AKGC417L,0.244,1.339,1,0
130_2p3_Pl_mc_AKGC417L,1.339,3.435,1,0
130_2p3_Pl_mc_AKGC417L,3.435,5.47,1,0
130_2p3_Pl_mc_AKGC417L,5.47,7.316,1,0
130_2p3_Pl_mc_AKGC417L,7.316,9.494,1,0
130_2p3_Pl_mc_AKGC417L,9.494,11.661,1,0
130_2p3_Pl_mc_AKGC417L,11.661,13.804,1,0
130_2p3_Pl_mc_AKGC417L,13.804,15.839,1,0
130_2p3_Pl_mc_AKGC417L,15.839,17.744,1,0
130_2p3_Pl_mc_AKGC417L,17.744,19.99,1,0
101_1b1_Al_sc_AKGC417L,0.036,0.579,0,0
101_1b1_Al_sc_AKGC417L,0.579,2.45,0,0
101_1b1_Al_sc_AKGC417L,2.45,3.893,0,0
101_1b1_Al_sc_AKGC417L,3.893,5.793,0,0
101_1b1_Al_sc_AKGC417L,5.793,7.521,0,0
101_1b1_Al_sc_AKGC417L,7.521,9.279,0,0
101_1b1_Al_sc_AKGC417L,9.279,11.15,0,0
101_1b1_Al_sc_AKGC417L,11.15,13.036,0,0
101_1b1_Al_sc_AKGC417L,13.036,14.721,0,0
101_1b1_Al_sc_AKGC417L,14.721,16.707,0,0
101_1b1_Al_sc_AKGC417L,16.707,18.507,0,0
101_1b1_Al_sc_AKGC417L,18.507,19.964,0,0
130_3p2_Pr_mc_AKGC417L,1.461,2.918,1,0
130_3p2_Pr_mc_AKGC417L,2.918,5.839,1,0
130_3p2_Pr_mc_AKGC417L,5.839,8.605,1,0
130_3p2_Pr_mc_AKGC417L,8.605,11.637,1,0
130_3p2_Pr_mc_AKGC417L,11.637,14.492,1,0
130_3p2_Pr_mc_AKGC417L,14.492,17.389,1,0
130_3p2_Pr_mc_AKGC417L,17.389,18.796,1,0
151_2p3_Tc_mc_AKGC417L,0.81,2.513,0,0
151_2p3_Tc_mc_AKGC417L,2.513,5.634,0,0
151_2p3_Tc_mc_AKGC417L,5.634,9.124,0,0
151_2p3_Tc_mc_AKGC417L,9.124,12.529,0,1
151_2p3_Tc_mc_AKGC417L,12.529,15.668,0,0
151_2p3_Tc_mc_AKGC417L,15.668,18.907,0,1
144_1b1_Tc_sc_AKGC417L,0.022,0.65,0,0
144_1b1_Tc_sc_AKGC417L,0.65,2.65,0,0
144_1b1_Tc_sc_AKGC417L,2.65,4.593,0,0
144_1b1_Tc_sc_AKGC417L,4.593,6.764,0,0
144_1b1_Tc_sc_AKGC417L,6.764,9.464,0,0
144_1b1_Tc_sc_AKGC417L,9.464,11.836,0,0
144_1b1_Tc_sc_AKGC417L,11.836,13.736,0,0
144_1b1_Tc_sc_AKGC417L,13.736,16.407,0,0
144_1b1_Tc_sc_AKGC417L,16.407,18.493,0,0
144_1b1_Tc_sc_AKGC417L,18.493,19.993,0,0
107_2b5_Al_mc_AKGC417L,0.077,1.411,0,0
107_2b5_Al_mc_AKGC417L,1.411,3.863,1,0
107_2b5_Al_mc_AKGC417L,3.863,6.601,1,0
107_2b5_Al_mc_AKGC417L,6.601,8.97,1,0
107_2b5_Al_mc_AKGC417L,8.97,11.542,1,0
107_2b5_Al_mc_AKGC417L,11.542,14.077,1,0
107_2b5_Al_mc_AKGC417L,14.077,16.625,1,0
107_2b5_Al_mc_AKGC417L,16.625,19.339,1,0
135_2b1_Al_mc_LittC2SE,0.007,0.893,0,0
135_2b1_Al_mc_LittC2SE,0.893,3.279,0,0
135_2b1_Al_mc_LittC2SE,3.279,5.75,0,0
135_2b1_Al_mc_LittC2SE,5.75,8.264,0,0
135_2b1_Al_mc_LittC2SE,8.264,10.65,0,0
135_2b1_Al_mc_LittC2SE,10.65,13.321,0,0
135_2b1_Al_mc_LittC2SE,13.321,15.679,0,0
135_2b1_Al_mc_LittC2SE,15.679,17.921,0,0
135_2b1_Al_mc_LittC2SE,17.921,19.95,0,0
130_1p4_Al_mc_AKGC417L,0.089,2.875,0,1
130_1p4_Al_mc_AKGC417L,2.875,6.137,0,1
130_1p4_Al_mc_AKGC417L,6.137,8.994,0,1
130_1p4_Al_mc_AKGC417L,8.994,11.875,0,1
130_1p4_Al_mc_AKGC417L,11.875,14.554,0,1
130_1p4_Al_mc_AKGC417L,14.554,17.161,0,1
130_1p4_Al_mc_AKGC417L,17.161,19.946,0,1
130_1p4_Ll_mc_AKGC417L,0.089,2.875,0,1
130_1p4_Ll_mc_AKGC417L,2.875,6.137,0,1
130_1p4_Ll_mc_AKGC417L,6.137,8.994,0,1
130_1p4_Ll_mc_AKGC417L,8.994,11.875,0,1
130_1p4_Ll_mc_AKGC417L,11.875,14.554,0,1
130_1p4_Ll_mc_AKGC417L,14.554,17.161,0,1
130_1p4_Ll_mc_AKGC417L,17.161,19.946,0,1
122_2b2_Tc_mc_LittC2SE,0.05,1.136,0,0
122_2b2_Tc_mc_LittC2SE,1.136,4.421,0,1
122_2b2_Tc_mc_LittC2SE,4.421,8.236,0,1
122_2b2_Tc_mc_LittC2SE,8.236,12.064,0,1
122_2b2_Tc_mc_LittC2SE,12.064,15.864,0,1
122_2b2_Tc_mc_LittC2SE,15.864,19.964,0,1
146_2b4_Al_mc_AKGC417L,0.089,3.804,0,0
146_2b4_Al_mc_AKGC417L,3.804,7.613,0,0
146_2b4_Al_mc_AKGC417L,7.613,11.685,0,0
146_2b4_Al_mc_AKGC417L,11.685,15.494,0,0
146_2b4_Al_mc_AKGC417L,15.494,19.101,0,0
146_2b4_Al_mc_AKGC417L,19.101,19.97,0,0
143_1b1_Al_sc_AKGC417L,0.064,0.822,0,0
143_1b1_Al_sc_AKGC417L,0.822,1.979,0,0
143_1b1_Al_sc_AKGC417L,1.979,3.279,0,0
143_1b1_Al_sc_AKGC417L,3.279,4.721,0,0
143_1b1_Al_sc_AKGC417L,4.721,5.964,0,0
143_1b1_Al_sc_AKGC417L,5.964,7.179,0,0
143_1b1_Al_sc_AKGC417L,7.179,8.764,0,0
143_1b1_Al_sc_AKGC417L,8.764,9.707,0,0
143_1b1_Al_sc_AKGC417L,9.707,10.621,0,0
143_1b1_Al_sc_AKGC417L,10.621,11.607,0,0
143_1b1_Al_sc_AKGC417L,11.607,12.707,0,0
143_1b1_Al_sc_AKGC417L,12.707,13.907,0,0
143_1b1_Al_sc_AKGC417L,13.907,15.164,0,0
143_1b1_Al_sc_AKGC417L,15.164,16.293,0,0
143_1b1_Al_sc_AKGC417L,16.293,17.25,0,0
143_1b1_Al_sc_AKGC417L,17.25,18.35,0,0
143_1b1_Al_sc_AKGC417L,18.35,19.664,0,0
143_1b1_Al_sc_AKGC417L,19.664,19.979,0,0
111_1b2_Tc_sc_LittC2SE,0.022,2.35,0,0
111_1b2_Tc_sc_LittC2SE,2.35,5.007,0,0
111_1b2_Tc_sc_LittC2SE,5.007,7.564,0,0
111_1b2_Tc_sc_LittC2SE,7.564,10.364,0,0
111_1b2_Tc_sc_LittC2SE,10.364,13.036,0,0
111_1b2_Tc_sc_LittC2SE,13.036,15.436,0,0
111_1b2_Tc_sc_LittC2SE,15.436,18.093,0,0
111_1b2_Tc_sc_LittC2SE,18.093,19.993,0,0
138_1p4_Ll_mc_AKGC417L,1.361,5.267,1,0
138_1p4_Ll_mc_AKGC417L,5.267,9.224,1,0
138_1p4_Ll_mc_AKGC417L,9.224,12.947,1,0
138_1p4_Ll_mc_AKGC417L,12.947,16.886,0,0
138_1p4_Ll_mc_AKGC417L,16.886,18.773,1,0
138_1p3_Ll_mc_AKGC417L,0.109,2.529,1,0
138_1p3_Ll_mc_AKGC417L,2.529,6.786,1,0
138_1p3_Ll_mc_AKGC417L,6.786,10.826,1,0
138_1p3_Ll_mc_AKGC417L,10.826,14.967,1,0
138_1p3_Ll_mc_AKGC417L,14.967,18.723,1,0
130_2b2_Pr_mc_AKGC417L,0.069,2.563,1,0
130_2b2_Pr_mc_AKGC417L,2.563,4.933,1,0
130_2b2_Pr_mc_AKGC417L,4.933,7.466,1,0
130_2b2_Pr_mc_AKGC417L,7.466,10.124,1,0
130_2b2_Pr_mc_AKGC417L,10.124,12.707,1,0
130_2b2_Pr_mc_AKGC417L,12.707,15.078,1,0
130_2b2_Pr_mc_AKGC417L,15.078,17.615,1,0
130_2b2_Pr_mc_AKGC417L,17.615,19.946,1,0
133_2p3_Ar_mc_AKGC417L,0.042,2.351,0,0
133_2p3_Ar_mc_AKGC417L,2.351,4.911,0,0
133_2p3_Ar_mc_AKGC417L,4.911,7.375,0,0
133_2p3_Ar_mc_AKGC417L,7.375,9.946,0,0
133_2p3_Ar_mc_AKGC417L,9.946,12.542,0,0
133_2p3_Ar_mc_AKGC417L,12.542,15.232,0,0
133_2p3_Ar_mc_AKGC417L,15.232,17.839,0,0
133_2p3_Ar_mc_AKGC417L,17.839,19.982,0,0
151_2p2_Ar_mc_AKGC417L,0.609,2.412,0,0
151_2p2_Ar_mc_AKGC417L,2.412,5.601,0,0
151_2p2_Ar_mc_AKGC417L,5.601,8.74,0,0
151_2p2_Ar_mc_AKGC417L,8.74,12.179,0,0
151_2p2_Ar_mc_AKGC417L,12.179,15.701,0,0
151_2p2_Ar_mc_AKGC417L,15.701,19.157,0,0
145_2b2_Lr_mc_AKGC417L,1.589,5.458,0,0
145_2b2_Lr_mc_AKGC417L,5.458,9.316,0,0
145_2b2_Lr_mc_AKGC417L,9.316,13.03,0,0
145_2b2_Lr_mc_AKGC417L,13.03,16.887,0,0
145_2b2_Lr_mc_AKGC417L,16.887,19.958,0,0
144_1b1_Al_sc_AKGC417L,0.15,2.747,0,0
144_1b1_Al_sc_AKGC417L,2.747,4.945,0,0
144_1b1_Al_sc_AKGC417L,4.945,6.957,0,0
144_1b1_Al_sc_AKGC417L,6.957,9.041,0,0
144_1b1_Al_sc_AKGC417L,9.041,10.411,0,0
144_1b1_Al_sc_AKGC417L,10.411,12.937,0,0
144_1b1_Al_sc_AKGC417L,12.937,15.006,0,0
144_1b1_Al_sc_AKGC417L,15.006,16.576,0,0
144_1b1_Al_sc_AKGC417L,16.576,18.703,0,0
144_1b1_Al_sc_AKGC417L,18.703,19.816,0,0
151_2p3_Al_mc_AKGC417L,0.81,2.513,1,1
151_2p3_Al_mc_AKGC417L,2.513,5.634,1,1
151_2p3_Al_mc_AKGC417L,5.634,9.124,1,1
151_2p3_Al_mc_AKGC417L,9.124,12.529,0,1
151_2p3_Al_mc_AKGC417L,12.529,15.668,0,0
151_2p3_Al_mc_AKGC417L,15.668,18.907,0,0
107_2b3_Ar_mc_AKGC417L,0.887,2.601,1,0
107_2b3_Ar_mc_AKGC417L,2.601,5.327,1,1
107_2b3_Ar_mc_AKGC417L,5.327,7.923,1,1
107_2b3_Ar_mc_AKGC417L,7.923,10.53,1,1
107_2b3_Ar_mc_AKGC417L,10.53,13.196,1,1
107_2b3_Ar_mc_AKGC417L,13.196,15.565,1,1
107_2b3_Ar_mc_AKGC417L,15.565,18.054,1,1
107_2b3_Ar_mc_AKGC417L,18.054,19.101,1,1
130_2b3_Ar_mc_AKGC417L,0.689,1.732,0,0
130_2b3_Ar_mc_AKGC417L,1.732,4.042,1,0
130_2b3_Ar_mc_AKGC417L,4.042,6.339,1,0
130_2b3_Ar_mc_AKGC417L,6.339,8.542,1,0
130_2b3_Ar_mc_AKGC417L,8.542,10.744,1,0
130_2b3_Ar_mc_AKGC417L,10.744,12.958,1,0
130_2b3_Ar_mc_AKGC417L,12.958,14.875,1,0
130_2b3_Ar_mc_AKGC417L,14.875,16.946,1,0
130_2b3_Ar_mc_AKGC417L,16.946,19.156,1,0
154_2b4_Tc_mc_AKGC417L,1.33,3.804,0,0
154_2b4_Tc_mc_AKGC417L,3.804,6.396,0,0
154_2b4_Tc_mc_AKGC417L,6.396,8.938,0,0
154_2b4_Tc_mc_AKGC417L,8.938,11.58,0,0
154_2b4_Tc_mc_AKGC417L,11.58,14.072,0,0
154_2b4_Tc_mc_AKGC417L,14.072,17.049,0,0
154_2b4_Tc_mc_AKGC417L,17.049,19.49,0,0
107_2b4_Al_mc_AKGC417L,1.018,3.411,1,0
107_2b4_Al_mc_AKGC417L,3.411,5.827,1,0
107_2b4_Al_mc_AKGC417L,5.827,8.339,1,1
107_2b4_Al_mc_AKGC417L,8.339,10.923,1,0
107_2b4_Al_mc_AKGC417L,10.923,13.292,0,1
107_2b4_Al_mc_AKGC417L,13.292,16.018,1,0
107_2b4_Al_mc_AKGC417L,16.018,18.482,1,0
107_2b4_Al_mc_AKGC417L,18.482,19.542,1,0
122_2b1_Ar_mc_LittC2SE,0.05,3.222,0,0
122_2b1_Ar_mc_LittC2SE,3.222,7.164,0,1
122_2b1_Ar_mc_LittC2SE,7.164,10.621,0,0
122_2b1_Ar_mc_LittC2SE,10.621,14.35,0,0
122_2b1_Ar_mc_LittC2SE,14.35,18.093,0,0
122_2b1_Ar_mc_LittC2SE,18.093,19.95,0,0
109_1b1_Ar_sc_Litt3200,0,2.1304,0,0
109_1b1_Ar_sc_Litt3200,2.1304,4.1513,0,0
109_1b1_Ar_sc_Litt3200,4.1513,5.8762,0,0
109_1b1_Ar_sc_Litt3200,5.8762,7.6075,0,0
109_1b1_Ar_sc_Litt3200,7.6075,9.326,0,0
109_1b1_Ar_sc_Litt3200,9.326,11.051,0,0
109_1b1_Ar_sc_Litt3200,11.051,12.904,0,0
109_1b1_Ar_sc_Litt3200,12.904,14.674,0,0
109_1b1_Ar_sc_Litt3200,14.674,18.221,0,0
109_1b1_Ar_sc_Litt3200,18.221,19.952,0,0
107_2b3_Al_mc_AKGC417L,0.887,2.601,1,0
107_2b3_Al_mc_AKGC417L,2.601,5.327,1,0
107_2b3_Al_mc_AKGC417L,5.327,7.923,1,0
107_2b3_Al_mc_AKGC417L,7.923,10.53,1,0
107_2b3_Al_mc_AKGC417L,10.53,13.196,1,0
107_2b3_Al_mc_AKGC417L,13.196,15.565,1,0
107_2b3_Al_mc_AKGC417L,15.565,18.054,1,0
107_2b3_Al_mc_AKGC417L,18.054,19.101,0,0
133_2p4_Al_mc_AKGC417L,1.066,3.554,0,0
133_2p4_Al_mc_AKGC417L,3.554,5.923,0,0
133_2p4_Al_mc_AKGC417L,5.923,8.375,0,0
133_2p4_Al_mc_AKGC417L,8.375,10.78,0,0
133_2p4_Al_mc_AKGC417L,10.78,13.161,0,0
133_2p4_Al_mc_AKGC417L,13.161,15.78,0,1
133_2p4_Al_mc_AKGC417L,15.78,18.292,0,1
133_2p4_Al_mc_AKGC417L,18.292,19.47,0,0
130_2b3_Ll_mc_AKGC417L,0.689,1.732,1,0
130_2b3_Ll_mc_AKGC417L,1.732,4.042,1,0
130_2b3_Ll_mc_AKGC417L,4.042,6.339,1,0
130_2b3_Ll_mc_AKGC417L,6.339,8.542,1,0
130_2b3_Ll_mc_AKGC417L,8.542,10.744,1,0
130_2b3_Ll_mc_AKGC417L,10.744,12.958,1,0
130_2b3_Ll_mc_AKGC417L,12.958,14.875,1,0
130_2b3_Ll_mc_AKGC417L,14.875,16.946,1,0
130_2b3_Ll_mc_AKGC417L,16.946,19.156,1,0
147_2b3_Al_mc_AKGC417L,0.864,4.656,0,0
147_2b3_Al_mc_AKGC417L,4.656,8.75,0,1
147_2b3_Al_mc_AKGC417L,8.75,13.331,0,0
147_2b3_Al_mc_AKGC417L,13.331,17.81,0,1
147_2b3_Al_mc_AKGC417L,17.81,19.337,0,0
106_2b1_Pl_mc_LittC2SE,0.036,2.164,1,0
106_2b1_Pl_mc_LittC2SE,2.164,4.621,1,0
106_2b1_Pl_mc_LittC2SE,4.621,7.179,0,0
106_2b1_Pl_mc_LittC2SE,7.179,9.636,1,0
106_2b1_Pl_mc_LittC2SE,9.636,12.007,1,0
106_2b1_Pl_mc_LittC2SE,12.007,14.407,1,0
106_2b1_Pl_mc_LittC2SE,14.407,16.793,1,0
106_2b1_Pl_mc_LittC2SE,16.793,19.207,1,0
106_2b1_Pl_mc_LittC2SE,19.207,19.964,1,0
130_1p3_Tc_mc_AKGC417L,1.066,4.899,0,1
130_1p3_Tc_mc_AKGC417L,4.899,8.256,0,1
130_1p3_Tc_mc_AKGC417L,8.256,11.673,0,1
130_1p3_Tc_mc_AKGC417L,11.673,15.077,0,1
130_1p3_Tc_mc_AKGC417L,15.077,18.375,0,1
130_1p3_Tc_mc_AKGC417L,18.375,19.946,0,0
107_2b4_Pr_mc_AKGC417L,1.018,3.411,1,0
107_2b4_Pr_mc_AKGC417L,3.411,5.827,1,0
107_2b4_Pr_mc_AKGC417L,5.827,8.339,1,0
107_2b4_Pr_mc_AKGC417L,8.339,10.923,1,0
107_2b4_Pr_mc_AKGC417L,10.923,13.292,1,0
107_2b4_Pr_mc_AKGC417L,13.292,16.018,1,0
107_2b4_Pr_mc_AKGC417L,16.018,18.482,1,0
107_2b4_Pr_mc_AKGC417L,18.482,19.542,1,0
130_3p3_Tc_mc_AKGC417L,0.411,2.839,0,0
130_3p3_Tc_mc_AKGC417L,2.839,5.661,1,0
130_3p3_Tc_mc_AKGC417L,5.661,8.506,1,0
130_3p3_Tc_mc_AKGC417L,8.506,11.482,1,0
130_3p3_Tc_mc_AKGC417L,11.482,14.22,1,0
130_3p3_Tc_mc_AKGC417L,14.22,17.065,1,0
130_3p3_Tc_mc_AKGC417L,17.065,19.911,1,1
138_1p2_Ll_mc_AKGC417L,0.159,3.715,1,0
138_1p2_Ll_mc_AKGC417L,3.715,7.855,1,0
138_1p2_Ll_mc_AKGC417L,7.855,11.461,1,0
138_1p2_Ll_mc_AKGC417L,11.461,15.568,1,0
138_1p2_Ll_mc_AKGC417L,15.568,19.157,1,0
133_2p3_Tc_mc_AKGC417L,0.042,2.351,0,0
133_2p3_Tc_mc_AKGC417L,2.351,4.911,0,0
133_2p3_Tc_mc_AKGC417L,4.911,7.375,0,0
133_2p3_Tc_mc_AKGC417L,7.375,9.946,0,0
133_2p3_Tc_mc_AKGC417L,9.946,12.542,1,0
133_2p3_Tc_mc_AKGC417L,12.542,15.232,0,0
133_2p3_Tc_mc_AKGC417L,15.232,17.839,1,0
133_2p3_Tc_mc_AKGC417L,17.839,19.982,0,0
130_2b4_Al_mc_AKGC417L,0.338,1.399,0,0
130_2b4_Al_mc_AKGC417L,1.399,3.768,1,0
130_2b4_Al_mc_AKGC417L,3.768,5.875,1,0
130_2b4_Al_mc_AKGC417L,5.875,8.173,1,0
130_2b4_Al_mc_AKGC417L,8.173,10.542,1,0
130_2b4_Al_mc_AKGC417L,10.542,12.673,1,0
130_2b4_Al_mc_AKGC417L,12.673,15.042,1,0
130_2b4_Al_mc_AKGC417L,15.042,17.244,1,0
130_2b4_Al_mc_AKGC417L,17.244,19.426,1,0
133_2p3_Al_mc_AKGC417L,0.042,2.351,0,0
133_2p3_Al_mc_AKGC417L,2.351,4.911,0,0
133_2p3_Al_mc_AKGC417L,4.911,7.375,0,0
133_2p3_Al_mc_AKGC417L,7.375,9.946,0,0
133_2p3_Al_mc_AKGC417L,9.946,12.542,0,0
133_2p3_Al_mc_AKGC417L,12.542,15.232,0,0
133_2p3_Al_mc_AKGC417L,15.232,17.839,0,0
133_2p3_Al_mc_AKGC417L,17.839,19.982,0,0
135_2b1_Ar_mc_LittC2SE,0.022,0.907,0,0
135_2b1_Ar_mc_LittC2SE,0.907,3.236,0,0
135_2b1_Ar_mc_LittC2SE,3.236,5.721,0,0
135_2b1_Ar_mc_LittC2SE,5.721,8.179,0,0
135_2b1_Ar_mc_LittC2SE,8.179,10.65,0,0
135_2b1_Ar_mc_LittC2SE,10.65,13.264,0,0
135_2b1_Ar_mc_LittC2SE,13.264,15.607,0,0
135_2b1_Ar_mc_LittC2SE,15.607,17.864,0,0
135_2b1_Ar_mc_LittC2SE,17.864,19.95,0,0
146_2b4_Ll_mc_AKGC417L,0.089,3.542,0,0
146_2b4_Ll_mc_AKGC417L,3.542,7.542,0,0
146_2b4_Ll_mc_AKGC417L,7.542,11.554,0,0
146_2b4_Ll_mc_AKGC417L,11.554,15.589,0,0
146_2b4_Ll_mc_AKGC417L,15.589,19.196,0,0
146_2b4_Ll_mc_AKGC417L,19.196,19.946,0,0
195_1b1_Pl_sc_Litt3200,1.2135,3.0832,0,1
195_1b1_Pl_sc_Litt3200,3.0832,5.3339,0,1
195_1b1_Pl_sc_Litt3200,5.3339,7.2319,0,0
195_1b1_Pl_sc_Litt3200,7.2319,8.9746,0,1
195_1b1_Pl_sc_Litt3200,8.9746,10.52,0,1
195_1b1_Pl_sc_Litt3200,10.52,13.476,0,1
195_1b1_Pl_sc_Litt3200,13.476,15.755,0,1
195_1b1_Pl_sc_Litt3200,15.755,17.737,0,1
195_1b1_Pl_sc_Litt3200,17.737,21.872,0,0
146_8p3_Ar_mc_AKGC417L,0.03,1.077,0,0
146_8p3_Ar_mc_AKGC417L,1.077,3.756,1,0
146_8p3_Ar_mc_AKGC417L,3.756,6.446,1,0
146_8p3_Ar_mc_AKGC417L,6.446,8.839,1,0
146_8p3_Ar_mc_AKGC417L,8.839,11.339,1,0
146_8p3_Ar_mc_AKGC417L,11.339,13.911,1,0
146_8p3_Ar_mc_AKGC417L,13.911,16.554,1,0
146_8p3_Ar_mc_AKGC417L,16.554,18.839,0,0
146_8p3_Ar_mc_AKGC417L,18.839,19.946,0,0
151_2p3_Lr_mc_AKGC417L,0.81,2.513,0,0
151_2p3_Lr_mc_AKGC417L,2.513,5.634,0,0
151_2p3_Lr_mc_AKGC417L,5.634,9.124,0,0
151_2p3_Lr_mc_AKGC417L,9.124,12.529,0,0
151_2p3_Lr_mc_AKGC417L,12.529,15.668,0,0
151_2p3_Lr_mc_AKGC417L,15.668,18.907,0,0
115_1b1_Ar_sc_LittC2SE,0.064,0.393,0,0
115_1b1_Ar_sc_LittC2SE,0.393,1.236,0,0
115_1b1_Ar_sc_LittC2SE,1.236,2.193,0,0
115_1b1_Ar_sc_LittC2SE,2.193,2.979,0,0
115_1b1_Ar_sc_LittC2SE,2.979,3.922,0,0
115_1b1_Ar_sc_LittC2SE,3.922,4.736,0,0
115_1b1_Ar_sc_LittC2SE,4.736,5.664,0,0
115_1b1_Ar_sc_LittC2SE,5.664,6.593,0,0
115_1b1_Ar_sc_LittC2SE,6.593,7.393,0,0
115_1b1_Ar_sc_LittC2SE,7.393,8.221,0,0
115_1b1_Ar_sc_LittC2SE,8.221,9.236,0,0
115_1b1_Ar_sc_LittC2SE,9.236,10.164,0,0
115_1b1_Ar_sc_LittC2SE,10.164,10.836,0,1
115_1b1_Ar_sc_LittC2SE,10.836,12.179,0,0
115_1b1_Ar_sc_LittC2SE,12.179,13.007,0,0
115_1b1_Ar_sc_LittC2SE,13.007,13.65,0,0
115_1b1_Ar_sc_LittC2SE,13.65,14.593,0,0
115_1b1_Ar_sc_LittC2SE,14.593,15.479,0,0
115_1b1_Ar_sc_LittC2SE,15.479,16.321,0,0
115_1b1_Ar_sc_LittC2SE,16.321,17.079,0,0
115_1b1_Ar_sc_LittC2SE,17.079,17.879,0,0
115_1b1_Ar_sc_LittC2SE,17.879,18.707,0,0
115_1b1_Ar_sc_LittC2SE,18.707,19.55,0,0
115_1b1_Ar_sc_LittC2SE,19.55,19.893,0,0
146_2b4_Lr_mc_AKGC417L,0.089,3.78,0,0
146_2b4_Lr_mc_AKGC417L,3.78,7.542,0,0
146_2b4_Lr_mc_AKGC417L,7.542,11.732,0,0
146_2b4_Lr_mc_AKGC417L,11.732,15.518,0,0
146_2b4_Lr_mc_AKGC417L,15.518,19.089,0,0
146_2b4_Lr_mc_AKGC417L,19.089,19.982,0,0
130_1p2_Pl_mc_AKGC417L,0.697,2.423,1,0
130_1p2_Pl_mc_AKGC417L,2.423,5.101,1,0
130_1p2_Pl_mc_AKGC417L,5.101,8.339,1,1
130_1p2_Pl_mc_AKGC417L,8.339,11.28,1,0
130_1p2_Pl_mc_AKGC417L,11.28,14.316,1,1
130_1p2_Pl_mc_AKGC417L,14.316,17.03,1,1
130_1p2_Pl_mc_AKGC417L,17.03,19.554,1,1
120_1b1_Ar_sc_Meditron,0.80746,3.4236,0,0
120_1b1_Ar_sc_Meditron,3.4236,5.9752,0,0
120_1b1_Ar_sc_Meditron,5.9752,8.4837,0,0
120_1b1_Ar_sc_Meditron,8.4837,11.444,0,0
120_1b1_Ar_sc_Meditron,11.444,14.104,0,0
120_1b1_Ar_sc_Meditron,14.104,16.698,0,0
120_1b1_Ar_sc_Meditron,16.698,19.734,0,0
120_1b1_Ar_sc_Meditron,19.734,22.232,0,0
120_1b1_Ar_sc_Meditron,22.232,24.73,0,0
120_1b1_Ar_sc_Meditron,24.73,27.551,0,0
120_1b1_Ar_sc_Meditron,27.551,30.296,0,0
120_1b1_Ar_sc_Meditron,30.296,34.29,0,0
120_1b1_Ar_sc_Meditron,34.29,38.004,0,0
120_1b1_Ar_sc_Meditron,38.004,41.633,0,0
120_1b1_Ar_sc_Meditron,41.633,45.142,0,0
120_1b1_Ar_sc_Meditron,45.142,49.19,0,0
120_1b1_Ar_sc_Meditron,49.19,53.088,0,0
120_1b1_Ar_sc_Meditron,53.088,58.482,0,0
120_1b1_Ar_sc_Meditron,58.482,62.11,0,0
120_1b1_Ar_sc_Meditron,62.11,66.75,0,0
134_2b2_Ar_mc_LittC2SE,0.05,0.479,0,0
134_2b2_Ar_mc_LittC2SE,0.479,4.65,0,0
134_2b2_Ar_mc_LittC2SE,4.65,8.35,0,0
134_2b2_Ar_mc_LittC2SE,8.35,12.221,0,0
134_2b2_Ar_mc_LittC2SE,12.221,15.636,0,0
134_2b2_Ar_mc_LittC2SE,15.636,19.521,0,0
134_2b2_Ar_mc_LittC2SE,19.521,19.979,0,0
147_1b2_Tc_mc_AKGC417L,0.445,2.374,0,0
147_1b2_Tc_mc_AKGC417L,2.374,4.102,0,0
147_1b2_Tc_mc_AKGC417L,4.102,5.864,0,0
147_1b2_Tc_mc_AKGC417L,5.864,7.878,0,0
147_1b2_Tc_mc_AKGC417L,7.878,9.623,0,0
147_1b2_Tc_mc_AKGC417L,9.623,11.485,0,0
147_1b2_Tc_mc_AKGC417L,11.485,13.196,0,0
147_1b2_Tc_mc_AKGC417L,13.196,14.723,0,1
147_1b2_Tc_mc_AKGC417L,14.723,16.216,0,1
147_1b2_Tc_mc_AKGC417L,16.216,17.777,0,1
147_1b2_Tc_mc_AKGC417L,17.777,19.237,0,1
147_1b2_Tc_mc_AKGC417L,19.237,19.975,0,0
117_1b3_Tc_mc_LittC2SE,0.022,3.179,0,1
117_1b3_Tc_mc_LittC2SE,3.179,7.107,0,1
117_1b3_Tc_mc_LittC2SE,7.107,11.764,0,1
117_1b3_Tc_mc_LittC2SE,11.764,16.479,0,1
117_1b3_Tc_mc_LittC2SE,16.479,19.979,0,1
133_2p3_Pr_mc_AKGC417L,0.042,2.351,0,0
133_2p3_Pr_mc_AKGC417L,2.351,4.911,0,0
133_2p3_Pr_mc_AKGC417L,4.911,7.375,0,0
133_2p3_Pr_mc_AKGC417L,7.375,9.946,0,0
133_2p3_Pr_mc_AKGC417L,9.946,12.542,1,0
133_2p3_Pr_mc_AKGC417L,12.542,15.232,0,0
133_2p3_Pr_mc_AKGC417L,15.232,17.839,0,0
133_2p3_Pr_mc_AKGC417L,17.839,19.982,0,0
130_3b4_Pr_mc_AKGC417L,1.414,5.925,1,0
130_3b4_Pr_mc_AKGC417L,5.925,9.958,1,0
130_3b4_Pr_mc_AKGC417L,9.958,14.079,1,0
130_3b4_Pr_mc_AKGC417L,14.079,17.703,1,0
130_3b4_Pr_mc_AKGC417L,17.703,19.167,1,0
133_2p4_Pr_mc_AKGC417L,1.066,3.554,1,0
133_2p4_Pr_mc_AKGC417L,3.554,5.923,0,0
133_2p4_Pr_mc_AKGC417L,5.923,8.375,0,0
133_2p4_Pr_mc_AKGC417L,8.375,10.78,0,0
133_2p4_Pr_mc_AKGC417L,10.78,13.161,0,0
133_2p4_Pr_mc_AKGC417L,13.161,15.78,0,0
133_2p4_Pr_mc_AKGC417L,15.78,18.292,0,0
133_2p4_Pr_mc_AKGC417L,18.292,19.47,0,0
112_1p1_Pl_sc_Litt3200,2.3806,5.3323,1,0
112_1p1_Pl_sc_Litt3200,5.3323,8.2548,0,0
112_1p1_Pl_sc_Litt3200,8.2548,11.081,1,1
112_1p1_Pl_sc_Litt3200,11.081,14.226,1,1
112_1p1_Pl_sc_Litt3200,14.226,17.415,1,1
112_1p1_Pl_sc_Litt3200,17.415,20.565,1,1
112_1p1_Pl_sc_Litt3200,20.565,23.681,0,1
112_1p1_Pl_sc_Litt3200,23.681,26.874,0,1
112_1p1_Pl_sc_Litt3200,26.874,30,0,1
133_2p3_Pl_mc_AKGC417L,0.042,2.351,1,0
133_2p3_Pl_mc_AKGC417L,2.351,4.911,1,0
133_2p3_Pl_mc_AKGC417L,4.911,7.375,0,0
133_2p3_Pl_mc_AKGC417L,7.375,9.946,1,0
133_2p3_Pl_mc_AKGC417L,9.946,12.542,1,0
133_2p3_Pl_mc_AKGC417L,12.542,15.232,1,0
133_2p3_Pl_mc_AKGC417L,15.232,17.839,1,0
133_2p3_Pl_mc_AKGC417L,17.839,19.982,0,0
